source_mat_id,investigation_type,env_material,collection_date,sampling_event,sampl_person,sampl_person_orchid,tidal_stage,depth,samp_size,time_fi,size_frac,size_frac_low,size_frac_up,membr_cut,samp_collect_device,samp_mat_process,samp_mat_process_dev,samp_store_dur,samp_deposit_date,samp_store_loc,samp_store_temp,store_person,store_person_orchid,other_person,other_person_orchid,ship_date
EMOBON 210701 330 WaSOP1 3μm R1,metagenome,seawater [ENVO:00002149]; coastal sea water [ENVO:00002150]; surface water [ENVO:00002042],2021-07-01T08:42:09,BPNS Wa 20210701,Sander Delacauw,0000-0002-5400-2891,ebb_tide,20.54,10,0.2,3-200,200.0,3.0,Y,Niskin Bottle,WaSOP1,"Since the pump and the filtration units had not yet arrived, 20L of water was taken and frozen. These were filtered 8 weeks later.",96.0,,MSO LifeWatch Lab -80 Freezer,-80.0,Sander Delacauw,0000-0002-5400-2891,Rune Lagaisse,0000-0001-9191-9140,2021-10-05
EMOBON 210701 330 WaSOP1 3µm R2,metagenome,seawater [ENVO:00002149]; coastal sea water [ENVO:00002150]; surface water [ENVO:00002042],2021-07-01T08:42:09,BPNS Wa 20210701,Sander Delacauw,0000-0002-5400-2891,ebb_tide,20.54,10,0.2,3-200,200.0,3.0,Y,Niskin Bottle,WaSOP1,"Since the pump and the filtration units had not yet arrived, 20L of water was taken and frozen. These were filtered 8 weeks later.",96.0,,MSO LifeWatch Lab -80 Freezer,-80.0,Sander Delacauw,0000-0002-5400-2891,Rune Lagaisse,0000-0001-9191-9140,2021-10-05
EMOBON 210701 330 WaSOP1 3µm R3,metagenome,seawater [ENVO:00002149]; coastal sea water [ENVO:00002150]; surface water [ENVO:00002042],2021-07-01T08:42:09,BPNS Wa 20210701,Sander Delacauw,0000-0002-5400-2891,ebb_tide,20.54,10,0.2,3-200,200.0,3.0,Y,Niskin Bottle,WaSOP1,"Since the pump and the filtration units had not yet arrived, 20L of water was taken and frozen. These were filtered 8 weeks later.",,2021-07-01 14:00:00,MSO LifeWatch Lab -80 Freezer,-80.0,Sander Delacauw,0000-0002-5400-2891,Rune Lagaisse,0000-0001-9191-9140,
EMOBON 210701 330 WaSOP1 3µm R4,metagenome,seawater [ENVO:00002149]; coastal sea water [ENVO:00002150]; surface water [ENVO:00002042],2021-07-01T08:42:09,BPNS Wa 20210701,Sander Delacauw,0000-0002-5400-2891,ebb_tide,20.54,10,0.2,3-200,200.0,3.0,Y,Niskin Bottle,WaSOP1,"Since the pump and the filtration units had not yet arrived, 20L of water was taken and frozen. These were filtered 8 weeks later.",,2021-07-01 14:00:00,MSO LifeWatch Lab -80 Freezer,-80.0,Sander Delacauw,0000-0002-5400-2891,Rune Lagaisse,0000-0001-9191-9140,
EMOBON 210701 330 WaSOP1 3µm Blank,metagenome,seawater [ENVO:00002149]; coastal sea water [ENVO:00002150]; surface water [ENVO:00002042],2021-07-01T08:42:09,BPNS Wa 20210701,Sander Delacauw,0000-0002-5400-2891,ebb_tide,20.54,10,0.033333,3-200,200.0,3.0,N,Niskin Bottle,WaSOP1,"Since the pump and the filtration units had not yet arrived, 20L of water was taken and frozen. These were filtered 8 weeks later.",,,MSO LifeWatch Lab -80 Freezer,-80.0,Sander Delacauw,0000-0002-5400-2891,Rune Lagaisse,0000-0001-9191-9140,
EMOBON 210701 330 WaSOP1 0.2µm R2,metagenome,seawater [ENVO:00002149]; coastal sea water [ENVO:00002150]; surface water [ENVO:00002042],2021-07-01T08:42:09,BPNS Wa 20210701,Sander Delacauw,0000-0002-5400-2891,ebb_tide,20.54,10,0.2,0.2-3,3.0,0.2,Y,Niskin Bottle,WaSOP1,"Since the pump and the filtration units had not yet arrived, 20L of water was taken and frozen. These were filtered 8 weeks later.",96.0,,MSO LifeWatch Lab -80 Freezer,-80.0,Sander Delacauw,0000-0002-5400-2891,Rune Lagaisse,0000-0001-9191-9140,2021-10-05
,metagenome,seawater [ENVO:00002149]; coastal sea water [ENVO:00002150]; surface water [ENVO:00002042],2021-07-01T08:42:09,BPNS Wa 20210701,Sander Delacauw,0000-0002-5400-2891,ebb_tide,20.54,10,0.2,0.2-3,3.0,0.2,Y,Niskin Bottle,WaSOP1,"Since the pump and the filtration units had not yet arrived, 20L of water was taken and frozen. These were filtered 8 weeks later.",96.0,,MSO LifeWatch Lab -80 Freezer,-80.0,Sander Delacauw,0000-0002-5400-2891,Rune Lagaisse,0000-0001-9191-9140,2021-10-05
EMOBON 210701 330 WaSOP1 0.2µm R3,metagenome,seawater [ENVO:00002149]; coastal sea water [ENVO:00002150]; surface water [ENVO:00002042],2021-07-01T08:42:09,BPNS Wa 20210701,Sander Delacauw,0000-0002-5400-2891,ebb_tide,20.54,10,0.2,0.2-3,3.0,0.2,Y,Niskin Bottle,WaSOP1,"Since the pump and the filtration units had not yet arrived, 20L of water was taken and frozen. These were filtered 8 weeks later.",,2021-07-01 14:00:00,MSO LifeWatch Lab -80 Freezer,-80.0,Sander Delacauw,0000-0002-5400-2891,Rune Lagaisse,0000-0001-9191-9140,
EMOBON 210701 330 WaSOP1 0.2µm R4,metagenome,seawater [ENVO:00002149]; coastal sea water [ENVO:00002150]; surface water [ENVO:00002042],2021-07-01T08:42:09,BPNS Wa 20210701,Sander Delacauw,0000-0002-5400-2891,ebb_tide,20.54,10,0.2,0.2-3,3.0,0.2,Y,Niskin Bottle,WaSOP1,"Since the pump and the filtration units had not yet arrived, 20L of water was taken and frozen. These were filtered 8 weeks later.",,2021-07-01 14:00:00,MSO LifeWatch Lab -80 Freezer,-80.0,Sander Delacauw,0000-0002-5400-2891,Rune Lagaisse,0000-0001-9191-9140,
EMOBON 210701 330 WaSOP1 0.2µm Blank,metagenome,seawater [ENVO:00002149]; coastal sea water [ENVO:00002150]; surface water [ENVO:00002042],2021-07-01T08:42:09,BPNS Wa 20210701,Sander Delacauw,0000-0002-5400-2891,ebb_tide,20.54,10,0.033333,0.2-3,3.0,0.2,N,Niskin Bottle,WaSOP1,"Since the pump and the filtration units had not yet arrived, 20L of water was taken and frozen. These were filtered 8 weeks later.",,,MSO LifeWatch Lab -80 Freezer,-80.0,Sander Delacauw,0000-0002-5400-2891,Rune Lagaisse,0000-0001-9191-9140,
EMOBON 210701 330 WaSOP2 20µm R1,metagenome,seawater [ENVO:00002149]; coastal sea water [ENVO:00002150],2021-07-01T08:52:03,BPNS Wa 20210701,Sander Delacauw,0000-0002-5400-2891,ebb_tide,20.54,0.25,0.166667,10-20,20.0,10.0,N,Apstein,WaSOP2,,,,MSO LifeWatch Lab -80 Freezer,-80.0,Sander Delacauw,0000-0002-5400-2891,Rune Lagaisse,0000-0001-9191-9140,
EMOBON 210701 330 WaSOP2 20µm R2,metagenome,seawater [ENVO:00002149]; coastal sea water [ENVO:00002150],2021-07-01T08:52:03,BPNS Wa 20210701,Sander Delacauw,0000-0002-5400-2891,ebb_tide,20.54,0.25,0.166667,10-20,20.0,10.0,N,Apstein,WaSOP2,,,,MSO LifeWatch Lab -80 Freezer,-80.0,Sander Delacauw,0000-0002-5400-2891,Rune Lagaisse,0000-0001-9191-9140,
EMOBON 210701 330 WaSOP2 20µm R3,metagenome,seawater [ENVO:00002149]; coastal sea water [ENVO:00002150],2021-07-01T08:52:03,BPNS Wa 20210701,Sander Delacauw,0000-0002-5400-2891,ebb_tide,20.54,0.25,0.166667,10-20,20.0,10.0,N,Apstein,WaSOP2,,,2021-07-01 14:00:00,MSO LifeWatch Lab -80 Freezer,-80.0,Sander Delacauw,0000-0002-5400-2891,Rune Lagaisse,0000-0001-9191-9140,
EMOBON 210701 330 WaSOP2 20µm R4,metagenome,seawater [ENVO:00002149]; coastal sea water [ENVO:00002150],2021-07-01T08:52:03,BPNS Wa 20210701,Sander Delacauw,0000-0002-5400-2891,ebb_tide,20.54,0.25,0.166667,10-20,20.0,10.0,N,Apstein,WaSOP2,,,2021-07-01 14:00:00,MSO LifeWatch Lab -80 Freezer,-80.0,Sander Delacauw,0000-0002-5400-2891,Rune Lagaisse,0000-0001-9191-9140,
EMOBON 210701 330 WaSOP2 20µm Blank,metagenome,seawater [ENVO:00002149]; coastal sea water [ENVO:00002150],2021-07-01T08:52:03,BPNS Wa 20210701,Sander Delacauw,0000-0002-5400-2891,ebb_tide,20.54,0.25,0.133333,10-20,20.0,10.0,N,Apstein,WaSOP2,,,,MSO LifeWatch Lab -80 Freezer,-80.0,Sander Delacauw,0000-0002-5400-2891,Rune Lagaisse,0000-0001-9191-9140,
EMOBON 210701 330 WaSOP3 200µm R1,metagenome,seawater [ENVO:00002149]; coastal sea water [ENVO:00002150],2021-07-01T08:22:51,BPNS Wa 20210701,Sander Delacauw,0000-0002-5400-2891,ebb_tide,20.54,0.2,0.833333,10-200,200.0,10.0,N,WP2,WaSOP3,,,,MSO LifeWatch Lab -80 Freezer,-80.0,Sander Delacauw,0000-0002-5400-2891,Rune Lagaisse,0000-0001-9191-9140,
EMOBON 210701 330 WaSOP3 200µm R2,metagenome,seawater [ENVO:00002149]; coastal sea water [ENVO:00002150],2021-07-01T08:22:51,BPNS Wa 20210701,Sander Delacauw,0000-0002-5400-2891,ebb_tide,20.54,0.2,0.833333,10-200,200.0,10.0,N,WP2,WaSOP3,,,,MSO LifeWatch Lab -80 Freezer,-80.0,Sander Delacauw,0000-0002-5400-2891,Rune Lagaisse,0000-0001-9191-9140,
EMOBON 210701 330 WaSOP3 200µm R3,metagenome,seawater [ENVO:00002149]; coastal sea water [ENVO:00002150],2021-07-01T08:22:51,BPNS Wa 20210701,Sander Delacauw,0000-0002-5400-2891,ebb_tide,20.54,0.2,0.833333,10-200,200.0,10.0,N,WP2,WaSOP3,,,2021-07-01 14:00:00,MSO LifeWatch Lab -80 Freezer,-80.0,Sander Delacauw,0000-0002-5400-2891,Rune Lagaisse,0000-0001-9191-9140,
EMOBON 210701 330 WaSOP3 200µm R4,metagenome,seawater [ENVO:00002149]; coastal sea water [ENVO:00002150],2021-07-01T08:22:51,BPNS Wa 20210701,Sander Delacauw,0000-0002-5400-2891,ebb_tide,20.54,0.2,0.833333,10-200,200.0,10.0,N,WP2,WaSOP3,,,2021-07-01 14:00:00,MSO LifeWatch Lab -80 Freezer,-80.0,Sander Delacauw,0000-0002-5400-2891,Rune Lagaisse,0000-0001-9191-9140,
EMOBON 210701 330 WaSOP3 200µm Blank,metagenome,seawater [ENVO:00002149]; coastal sea water [ENVO:00002150],2021-07-01T08:22:51,BPNS Wa 20210701,Sander Delacauw,0000-0002-5400-2891,ebb_tide,20.54,0.25,0.833333,10-200,200.0,10.0,N,WP2,WaSOP3,,,,MSO LifeWatch Lab -80 Freezer,-80.0,Sander Delacauw,0000-0002-5400-2891,Rune Lagaisse,0000-0001-9191-9140,
EMOBON 210825 330 WaSOP1 3µm R1,metagenome,seawater [ENVO:00002149]; coastal sea water [ENVO:00002150]; surface water [ENVO:00002042],2021-08-25T08:52:22,BPNS Wa 20210825,Sander Delacauw,0000-0002-5400-2891,ebb_tide,18.66,7,0.25,3-200,200.0,3.0,Y,Niskin Bottle,WaSOP1,,41.0,,MSO LifeWatch Lab -80 Freezer,-80.0,Sander Delacauw,0000-0002-5400-2891,Rune Lagaisse,0000-0001-9191-9140,2021-10-05
EMOBON 210825 330 WaSOP1 3µm R2,metagenome,seawater [ENVO:00002149]; coastal sea water [ENVO:00002150]; surface water [ENVO:00002042],2021-08-25T08:52:22,BPNS Wa 20210825,Sander Delacauw,0000-0002-5400-2891,ebb_tide,18.66,7,0.25,3-200,200.0,3.0,Y,Niskin Bottle,WaSOP1,,41.0,,MSO LifeWatch Lab -80 Freezer,-80.0,Sander Delacauw,0000-0002-5400-2891,Rune Lagaisse,0000-0001-9191-9140,2021-10-05
EMOBON 210825 330 WaSOP1 3µm R3,metagenome,seawater [ENVO:00002149]; coastal sea water [ENVO:00002150]; surface water [ENVO:00002042],2021-08-25T08:52:22,BPNS Wa 20210825,Sander Delacauw,0000-0002-5400-2891,ebb_tide,18.66,7,0.25,3-200,200.0,3.0,Y,Niskin Bottle,WaSOP1,,,2021-08-25 16:00:02,MSO LifeWatch Lab -80 Freezer,-80.0,Sander Delacauw,0000-0002-5400-2891,Rune Lagaisse,0000-0001-9191-9140,
EMOBON 210825 330 WaSOP1 3µm R4,metagenome,seawater [ENVO:00002149]; coastal sea water [ENVO:00002150]; surface water [ENVO:00002042],2021-08-25T08:52:22,BPNS Wa 20210825,Sander Delacauw,0000-0002-5400-2891,ebb_tide,18.66,7,0.25,3-200,200.0,3.0,Y,Niskin Bottle,WaSOP1,,,2021-08-25 16:00:03,MSO LifeWatch Lab -80 Freezer,-80.0,Sander Delacauw,0000-0002-5400-2891,Rune Lagaisse,0000-0001-9191-9140,
EMOBON 210825 330 WaSOP1 3µm Blank,metagenome,seawater [ENVO:00002149]; coastal sea water [ENVO:00002150]; surface water [ENVO:00002042],2021-08-25T08:52:22,BPNS Wa 20210825,Sander Delacauw,0000-0002-5400-2891,ebb_tide,18.66,7,0.033333,3-200,200.0,3.0,N,Niskin Bottle,WaSOP1,,,,MSO LifeWatch Lab -80 Freezer,-80.0,Sander Delacauw,0000-0002-5400-2891,Rune Lagaisse,0000-0001-9191-9140,
EMOBON 210825 330 WaSOP1 0.2µm R1,metagenome,seawater [ENVO:00002149]; coastal sea water [ENVO:00002150]; surface water [ENVO:00002042],2021-08-25T08:52:22,BPNS Wa 20210825,Sander Delacauw,0000-0002-5400-2891,ebb_tide,18.66,7,0.25,0.2-3,3.0,0.2,Y,Niskin Bottle,WaSOP1,,41.0,,MSO LifeWatch Lab -80 Freezer,-80.0,Sander Delacauw,0000-0002-5400-2891,Rune Lagaisse,0000-0001-9191-9140,2021-10-05
EMOBON 210825 330 WaSOP1 0.2µm R2,metagenome,seawater [ENVO:00002149]; coastal sea water [ENVO:00002150]; surface water [ENVO:00002042],2021-08-25T08:52:22,BPNS Wa 20210825,Sander Delacauw,0000-0002-5400-2891,ebb_tide,18.66,7,0.25,0.2-3,3.0,0.2,Y,Niskin Bottle,WaSOP1,,41.0,,MSO LifeWatch Lab -80 Freezer,-80.0,Sander Delacauw,0000-0002-5400-2891,Rune Lagaisse,0000-0001-9191-9140,2021-10-05
EMOBON 210825 330 WaSOP1 0.2µm R3,metagenome,seawater [ENVO:00002149]; coastal sea water [ENVO:00002150]; surface water [ENVO:00002042],2021-08-25T08:52:22,BPNS Wa 20210825,Sander Delacauw,0000-0002-5400-2891,ebb_tide,18.66,7,0.25,0.2-3,3.0,0.2,Y,Niskin Bottle,WaSOP1,,,2021-08-25 16:00:07,MSO LifeWatch Lab -80 Freezer,-80.0,Sander Delacauw,0000-0002-5400-2891,Rune Lagaisse,0000-0001-9191-9140,
EMOBON 210825 330 WaSOP1 0.2µm R4,metagenome,seawater [ENVO:00002149]; coastal sea water [ENVO:00002150]; surface water [ENVO:00002042],2021-08-25T08:52:22,BPNS Wa 20210825,Sander Delacauw,0000-0002-5400-2891,ebb_tide,18.66,7,0.25,0.2-3,3.0,0.2,Y,Niskin Bottle,WaSOP1,,,2021-08-25 16:00:08,MSO LifeWatch Lab -80 Freezer,-80.0,Sander Delacauw,0000-0002-5400-2891,Rune Lagaisse,0000-0001-9191-9140,
EMOBON 210825 330 WaSOP1 0.2µm Blank,metagenome,seawater [ENVO:00002149]; coastal sea water [ENVO:00002150]; surface water [ENVO:00002042],2021-08-25T08:52:22,BPNS Wa 20210825,Sander Delacauw,0000-0002-5400-2891,ebb_tide,18.66,7,0.033333,0.2-3,3.0,0.2,N,Niskin Bottle,WaSOP1,,,,MSO LifeWatch Lab -80 Freezer,-80.0,Sander Delacauw,0000-0002-5400-2891,Rune Lagaisse,0000-0001-9191-9140,
EMOBON 210825 330 WaSOP2 20µm R1,metagenome,seawater [ENVO:00002149]; coastal sea water [ENVO:00002150],2021-08-25T09:21:16,BPNS Wa 20210825,Sander Delacauw,0000-0002-5400-2891,ebb_tide,18.66,0.25,0.083333,10-20,20.0,10.0,N,Apstein,WaSOP2,,,,MSO LifeWatch Lab -80 Freezer,-80.0,Sander Delacauw,0000-0002-5400-2891,Rune Lagaisse,0000-0001-9191-9140,
EMOBON 210825 330 WaSOP2 20µm R2,metagenome,seawater [ENVO:00002149]; coastal sea water [ENVO:00002150],2021-08-25T09:21:16,BPNS Wa 20210825,Sander Delacauw,0000-0002-5400-2891,ebb_tide,18.66,0.25,0.083333,10-20,20.0,10.0,N,Apstein,WaSOP2,,,,MSO LifeWatch Lab -80 Freezer,-80.0,Sander Delacauw,0000-0002-5400-2891,Rune Lagaisse,0000-0001-9191-9140,
EMOBON 210825 330 WaSOP2 20µm R3,metagenome,seawater [ENVO:00002149]; coastal sea water [ENVO:00002150],2021-08-25T09:21:16,BPNS Wa 20210825,Sander Delacauw,0000-0002-5400-2891,ebb_tide,18.66,0.25,0.083333,10-20,20.0,10.0,N,Apstein,WaSOP2,,,2021-08-25 16:00:12,MSO LifeWatch Lab -80 Freezer,-80.0,Sander Delacauw,0000-0002-5400-2891,Rune Lagaisse,0000-0001-9191-9140,
EMOBON 210825 330 WaSOP2 20µm R4,metagenome,seawater [ENVO:00002149]; coastal sea water [ENVO:00002150],2021-08-25T09:21:16,BPNS Wa 20210825,Sander Delacauw,0000-0002-5400-2891,ebb_tide,18.66,0.25,0.083333,10-20,20.0,10.0,N,Apstein,WaSOP2,,,2021-08-25 16:00:13,MSO LifeWatch Lab -80 Freezer,-80.0,Sander Delacauw,0000-0002-5400-2891,Rune Lagaisse,0000-0001-9191-9140,
EMOBON 210825 330 WaSOP2 20µm Blank,metagenome,seawater [ENVO:00002149]; coastal sea water [ENVO:00002150],2021-08-25T09:21:16,BPNS Wa 20210825,Sander Delacauw,0000-0002-5400-2891,ebb_tide,18.66,0.25,0.166667,10-20,20.0,10.0,N,Apstein,WaSOP2,,,,MSO LifeWatch Lab -80 Freezer,-80.0,Sander Delacauw,0000-0002-5400-2891,Rune Lagaisse,0000-0001-9191-9140,
EMOBON 210825 330 WaSOP3 200µm R1,metagenome,seawater [ENVO:00002149]; coastal sea water [ENVO:00002150],2021-08-25T09:05:52,BPNS Wa 20210825,Sander Delacauw,0000-0002-5400-2891,ebb_tide,18.66,0.25,0.083333,10-200,200.0,10.0,N,WP2,WaSOP3,,,,MSO LifeWatch Lab -80 Freezer,-80.0,Sander Delacauw,0000-0002-5400-2891,Rune Lagaisse,0000-0001-9191-9140,
EMOBON 210825 330 WaSOP3 200µm R2,metagenome,seawater [ENVO:00002149]; coastal sea water [ENVO:00002150],2021-08-25T09:05:52,BPNS Wa 20210825,Sander Delacauw,0000-0002-5400-2891,ebb_tide,18.66,0.25,0.083333,10-200,200.0,10.0,N,WP2,WaSOP3,,,,MSO LifeWatch Lab -80 Freezer,-80.0,Sander Delacauw,0000-0002-5400-2891,Rune Lagaisse,0000-0001-9191-9140,
EMOBON 210825 330 WaSOP3 200µm R3,metagenome,seawater [ENVO:00002149]; coastal sea water [ENVO:00002150],2021-08-25T09:05:52,BPNS Wa 20210825,Sander Delacauw,0000-0002-5400-2891,ebb_tide,18.66,0.25,0.083333,10-200,200.0,10.0,N,WP2,WaSOP3,,,2021-08-25 16:00:17,MSO LifeWatch Lab -80 Freezer,-80.0,Sander Delacauw,0000-0002-5400-2891,Rune Lagaisse,0000-0001-9191-9140,
EMOBON 210825 330 WaSOP3 200µm R4,metagenome,seawater [ENVO:00002149]; coastal sea water [ENVO:00002150],2021-08-25T09:05:52,BPNS Wa 20210825,Sander Delacauw,0000-0002-5400-2891,ebb_tide,18.66,0.25,0.083333,10-200,200.0,10.0,N,WP2,WaSOP3,,,2021-08-25 16:00:18,MSO LifeWatch Lab -80 Freezer,-80.0,Sander Delacauw,0000-0002-5400-2891,Rune Lagaisse,0000-0001-9191-9140,
EMOBON 210825 330 WaSOP3 200µm Blank,metagenome,seawater [ENVO:00002149]; coastal sea water [ENVO:00002150],2021-08-25T09:05:52,BPNS Wa 20210825,Sander Delacauw,0000-0002-5400-2891,ebb_tide,18.66,0.25,0.166667,10-200,200.0,10.0,N,WP2,WaSOP3,,,,MSO LifeWatch Lab -80 Freezer,-80.0,Sander Delacauw,0000-0002-5400-2891,Rune Lagaisse,0000-0001-9191-9140,
EMOBON 211028 BPNS Wa 3 R1,metagenome,seawater [ENVO:00002149]; coastal sea water [ENVO:00002150]; surface water [ENVO:00002042],2021-10-28T08:02:56,BPNS Wa 211028,Sander Delacauw,0000-0002-5400-2891,ebb_tide,18.66,10,"0,25",3-200,200.0,3.0,Y,Niskin Bottle,WaSOP1,,74.0,,MSO LifeWatch Lab -80 Freezer,-80.0,Sander Delacauw,0000-0002-5400-2891,Rune Lagaisse,0000-0001-9191-9140,2022-01-10
EMOBON 211028 BPNS Wa 3 R2,metagenome,seawater [ENVO:00002149]; coastal sea water [ENVO:00002150]; surface water [ENVO:00002042],2021-10-28T08:02:56,BPNS Wa 211028,Sander Delacauw,0000-0002-5400-2891,ebb_tide,18.66,10,"0,25",3-200,200.0,3.0,Y,Niskin Bottle,WaSOP1,,74.0,,MSO LifeWatch Lab -80 Freezer,-80.0,Sander Delacauw,0000-0002-5400-2891,Rune Lagaisse,0000-0001-9191-9140,2022-01-10
EMOBON 211028 BPNS Wa 3 R3,metagenome,seawater [ENVO:00002149]; coastal sea water [ENVO:00002150]; surface water [ENVO:00002042],2021-10-28T08:02:56,BPNS Wa 211028,Sander Delacauw,0000-0002-5400-2891,ebb_tide,18.66,10,"0,25",3-200,200.0,3.0,Y,Niskin Bottle,WaSOP1,,,2021-10-28 14:00:00,MSO LifeWatch Lab -80 Freezer,-80.0,Sander Delacauw,0000-0002-5400-2891,Rune Lagaisse,0000-0001-9191-9140,
EMOBON 211028 BPNS Wa 3 R4,metagenome,seawater [ENVO:00002149]; coastal sea water [ENVO:00002150]; surface water [ENVO:00002042],2021-10-28T08:02:56,BPNS Wa 211028,Sander Delacauw,0000-0002-5400-2891,ebb_tide,18.66,10,"0,25",3-200,200.0,3.0,Y,Niskin Bottle,WaSOP1,,,2021-10-28 14:00:00,MSO LifeWatch Lab -80 Freezer,-80.0,Sander Delacauw,0000-0002-5400-2891,Rune Lagaisse,0000-0001-9191-9140,
EMOBON 211028 BPNS Wa 3 Blank,metagenome,seawater [ENVO:00002149]; coastal sea water [ENVO:00002150]; surface water [ENVO:00002042],2021-10-28T08:02:56,BPNS Wa 211028,Sander Delacauw,0000-0002-5400-2891,ebb_tide,18.66,10,0.033333,3-200,200.0,3.0,N,Niskin Bottle,WaSOP1,,74.0,,MSO LifeWatch Lab -80 Freezer,-80.0,Sander Delacauw,0000-0002-5400-2891,Rune Lagaisse,0000-0001-9191-9140,2022-01-10
EMOBON 211028 BPNS Wa 0.2 R1,metagenome,seawater [ENVO:00002149]; coastal sea water [ENVO:00002150]; surface water [ENVO:00002042],2021-10-28T08:02:56,BPNS Wa 211028,Sander Delacauw,0000-0002-5400-2891,ebb_tide,18.66,10,"0,25",0.2-3,3.0,0.2,Y,Niskin Bottle,WaSOP1,,74.0,,MSO LifeWatch Lab -80 Freezer,-80.0,Sander Delacauw,0000-0002-5400-2891,Rune Lagaisse,0000-0001-9191-9140,2022-01-10
EMOBON 211028 BPNS Wa 0.2 R2,metagenome,seawater [ENVO:00002149]; coastal sea water [ENVO:00002150]; surface water [ENVO:00002042],2021-10-28T08:02:56,BPNS Wa 211028,Sander Delacauw,0000-0002-5400-2891,ebb_tide,18.66,10,"0,25",0.2-3,3.0,0.2,Y,Niskin Bottle,WaSOP1,,74.0,,MSO LifeWatch Lab -80 Freezer,-80.0,Sander Delacauw,0000-0002-5400-2891,Rune Lagaisse,0000-0001-9191-9140,2022-01-10
EMOBON 211028 BPNS Wa 0.2 R3,metagenome,seawater [ENVO:00002149]; coastal sea water [ENVO:00002150]; surface water [ENVO:00002042],2021-10-28T08:02:56,BPNS Wa 211028,Sander Delacauw,0000-0002-5400-2891,ebb_tide,18.66,10,"0,25",0.2-3,3.0,0.2,Y,Niskin Bottle,WaSOP1,,,2021-10-28 14:00:00,MSO LifeWatch Lab -80 Freezer,-80.0,Sander Delacauw,0000-0002-5400-2891,Rune Lagaisse,0000-0001-9191-9140,
EMOBON 211028 BPNS Wa 0.2 R4,metagenome,seawater [ENVO:00002149]; coastal sea water [ENVO:00002150]; surface water [ENVO:00002042],2021-10-28T08:02:56,BPNS Wa 211028,Sander Delacauw,0000-0002-5400-2891,ebb_tide,18.66,10,"0,25",0.2-3,3.0,0.2,Y,Niskin Bottle,WaSOP1,,,2021-10-28 14:00:00,MSO LifeWatch Lab -80 Freezer,-80.0,Sander Delacauw,0000-0002-5400-2891,Rune Lagaisse,0000-0001-9191-9140,
EMOBON 211028 BPNS Wa 0.2 Blank,metagenome,seawater [ENVO:00002149]; coastal sea water [ENVO:00002150]; surface water [ENVO:00002042],2021-10-28T08:02:56,BPNS Wa 211028,Sander Delacauw,0000-0002-5400-2891,ebb_tide,18.66,10,0.033333,0.2-3,3.0,0.2,N,Niskin Bottle,WaSOP1,,74.0,,MSO LifeWatch Lab -80 Freezer,-80.0,Sander Delacauw,0000-0002-5400-2891,Rune Lagaisse,0000-0001-9191-9140,2022-01-10
EMOBON 211028 BPNS Wa 20 R1,metagenome,seawater [ENVO:00002149]; coastal sea water [ENVO:00002150],2021-10-28T08:02:56,BPNS Wa 211028,Sander Delacauw,0000-0002-5400-2891,ebb_tide,18.66,0.25,0.033333,10-20,20.0,10.0,N,Apstein,WaSOP2,,,,MSO LifeWatch Lab -80 Freezer,-80.0,Sander Delacauw,0000-0002-5400-2891,Rune Lagaisse,0000-0001-9191-9140,
EMOBON 211028 BPNS Wa 20 R2,metagenome,seawater [ENVO:00002149]; coastal sea water [ENVO:00002150],2021-10-28T08:02:56,BPNS Wa 211028,Sander Delacauw,0000-0002-5400-2891,ebb_tide,18.66,0.25,0.033333,10-20,20.0,10.0,N,Apstein,WaSOP2,,,,MSO LifeWatch Lab -80 Freezer,-80.0,Sander Delacauw,0000-0002-5400-2891,Rune Lagaisse,0000-0001-9191-9140,
EMOBON 211028 BPNS Wa 20 R3,metagenome,seawater [ENVO:00002149]; coastal sea water [ENVO:00002150],2021-10-28T08:02:56,BPNS Wa 211028,Sander Delacauw,0000-0002-5400-2891,ebb_tide,18.66,0.25,0.033333,10-20,20.0,10.0,N,Apstein,WaSOP2,,,2021-10-28 14:00:00,MSO LifeWatch Lab -80 Freezer,-80.0,Sander Delacauw,0000-0002-5400-2891,Rune Lagaisse,0000-0001-9191-9140,
EMOBON 211028 BPNS Wa 20 R4,metagenome,seawater [ENVO:00002149]; coastal sea water [ENVO:00002150],2021-10-28T08:02:56,BPNS Wa 211028,Sander Delacauw,0000-0002-5400-2891,ebb_tide,18.66,0.25,0.033333,10-20,20.0,10.0,N,Apstein,WaSOP2,,,2021-10-28 14:00:00,MSO LifeWatch Lab -80 Freezer,-80.0,Sander Delacauw,0000-0002-5400-2891,Rune Lagaisse,0000-0001-9191-9140,
EMOBON 211028 BPNS Wa 20 Blank,metagenome,seawater [ENVO:00002149]; coastal sea water [ENVO:00002150],2021-10-28T08:02:56,BPNS Wa 211028,Sander Delacauw,0000-0002-5400-2891,ebb_tide,18.66,0.25,0.166667,10-20,20.0,10.0,N,Apstein,WaSOP2,,74.0,,MSO LifeWatch Lab -80 Freezer,-80.0,Sander Delacauw,0000-0002-5400-2891,Rune Lagaisse,0000-0001-9191-9140,2022-01-10
EMOBON 211028 BPNS Wa 200 R1,metagenome,seawater [ENVO:00002149]; coastal sea water [ENVO:00002150],2021-10-28T08:02:56,BPNS Wa 211028,Sander Delacauw,0000-0002-5400-2891,ebb_tide,18.66,0.25,0.05,10-200,200.0,10.0,N,WP2,WaSOP3,,,,MSO LifeWatch Lab -80 Freezer,-80.0,Sander Delacauw,0000-0002-5400-2891,Rune Lagaisse,0000-0001-9191-9140,
EMOBON 211028 BPNS Wa 200 R2,metagenome,seawater [ENVO:00002149]; coastal sea water [ENVO:00002150],2021-10-28T08:02:56,BPNS Wa 211028,Sander Delacauw,0000-0002-5400-2891,ebb_tide,18.66,0.25,0.05,10-200,200.0,10.0,N,WP2,WaSOP3,,,,MSO LifeWatch Lab -80 Freezer,-80.0,Sander Delacauw,0000-0002-5400-2891,Rune Lagaisse,0000-0001-9191-9140,
EMOBON 211028 BPNS Wa 200 R3,metagenome,seawater [ENVO:00002149]; coastal sea water [ENVO:00002150],2021-10-28T08:02:56,BPNS Wa 211028,Sander Delacauw,0000-0002-5400-2891,ebb_tide,18.66,0.25,0.05,10-200,200.0,10.0,N,WP2,WaSOP3,,,2021-10-28 14:00:00,MSO LifeWatch Lab -80 Freezer,-80.0,Sander Delacauw,0000-0002-5400-2891,Rune Lagaisse,0000-0001-9191-9140,
EMOBON 211028 BPNS Wa 200 R4,metagenome,seawater [ENVO:00002149]; coastal sea water [ENVO:00002150],2021-10-28T08:02:56,BPNS Wa 211028,Sander Delacauw,0000-0002-5400-2891,ebb_tide,18.66,0.25,0.05,10-200,200.0,10.0,N,WP2,WaSOP3,,,2021-10-28 14:00:00,MSO LifeWatch Lab -80 Freezer,-80.0,Sander Delacauw,0000-0002-5400-2891,Rune Lagaisse,0000-0001-9191-9140,
EMOBON 211028 BPNS Wa 200 Blank,metagenome,seawater [ENVO:00002149]; coastal sea water [ENVO:00002150],2021-10-28T08:02:56,BPNS Wa 211028,Sander Delacauw,0000-0002-5400-2891,ebb_tide,18.66,0.25,0.166667,10-200,200.0,10.0,N,WP2,WaSOP3,,74.0,,MSO LifeWatch Lab -80 Freezer,-80.0,Sander Delacauw,0000-0002-5400-2891,Rune Lagaisse,0000-0001-9191-9140,2022-01-10
EMOBON 211223 BPNS Wa 3 R1	,metagenome,seawater [ENVO:00002149]; coastal sea water [ENVO:00002150]; surface water [ENVO:00002042],2021-12-23T09:09:16,BPNS Wa 211223,Sander Delacauw,0000-0002-5400-2891,ebb_tide,21.2,10,"0,25",3-200,200.0,3.0,Y,Bucket,WaSOP1,"sample was taking by hauling buckets of surface water, depth was not acquired from the CTD measurement but it was estimated from the researchers",18.0,,MSO LifeWatch Lab -80 Freezer,-80.0,Sander Delacauw,0000-0002-5400-2891,Rune Lagaisse,0000-0001-9191-9140,2022-01-10
EMOBON 211223 BPNS Wa 3 R2	,metagenome,seawater [ENVO:00002149]; coastal sea water [ENVO:00002150]; surface water [ENVO:00002042],2021-12-23T09:09:16,BPNS Wa 211223,Sander Delacauw,0000-0002-5400-2891,ebb_tide,21.2,10,"0,25",3-200,200.0,3.0,Y,Bucket,WaSOP1,"sample was taking by hauling buckets of surface water, depth was not acquired from the CTD measurement but it was estimated from the researchers",18.0,,MSO LifeWatch Lab -80 Freezer,-80.0,Sander Delacauw,0000-0002-5400-2891,Rune Lagaisse,0000-0001-9191-9140,2022-01-10
EMOBON 211223 BPNS Wa 3 R3	,metagenome,seawater [ENVO:00002149]; coastal sea water [ENVO:00002150]; surface water [ENVO:00002042],2021-12-23T09:09:16,BPNS Wa 211223,Sander Delacauw,0000-0002-5400-2891,ebb_tide,21.2,10,"0,25",3-200,200.0,3.0,Y,Bucket,WaSOP1,"sample was taking by hauling buckets of surface water, depth was not acquired from the CTD measurement but it was estimated from the researchers",,2021-12-23 16:00:00,MSO LifeWatch Lab -80 Freezer,-80.0,Sander Delacauw,0000-0002-5400-2891,Rune Lagaisse,0000-0001-9191-9140,
EMOBON 211223 BPNS Wa 3 R4	,metagenome,seawater [ENVO:00002149]; coastal sea water [ENVO:00002150]; surface water [ENVO:00002042],2021-12-23T09:09:16,BPNS Wa 211223,Sander Delacauw,0000-0002-5400-2891,ebb_tide,21.2,10,"0,25",3-200,200.0,3.0,Y,Bucket,WaSOP1,"sample was taking by hauling buckets of surface water, depth was not acquired from the CTD measurement but it was estimated from the researchers",,2021-12-23 16:00:00,MSO LifeWatch Lab -80 Freezer,-80.0,Sander Delacauw,0000-0002-5400-2891,Rune Lagaisse,0000-0001-9191-9140,
EMOBON 211223 BPNS Wa 3 Blank	,metagenome,seawater [ENVO:00002149]; coastal sea water [ENVO:00002150]; surface water [ENVO:00002042],2021-12-23T09:09:16,BPNS Wa 211223,Sander Delacauw,0000-0002-5400-2891,ebb_tide,21.2,10,"0,25",3-200,200.0,3.0,Y,Bucket,WaSOP1,"sample was taking by hauling buckets of surface water, depth was not acquired from the CTD measurement but it was estimated from the researchers",,,MSO LifeWatch Lab -80 Freezer,-80.0,Sander Delacauw,0000-0002-5400-2891,Rune Lagaisse,0000-0001-9191-9140,
EMOBON 211223 BPNS Wa 0.2 R1	,metagenome,seawater [ENVO:00002149]; coastal sea water [ENVO:00002150]; surface water [ENVO:00002042],2021-12-23T09:09:16,BPNS Wa 211223,Sander Delacauw,0000-0002-5400-2891,ebb_tide,21.2,10,"0,25",0.2-3,3.0,0.2,Y,Bucket,WaSOP1,"sample was taking by hauling buckets of surface water, depth was not acquired from the CTD measurement but it was estimated from the researchers",18.0,,MSO LifeWatch Lab -80 Freezer,-80.0,Sander Delacauw,0000-0002-5400-2891,Rune Lagaisse,0000-0001-9191-9140,2022-01-10
EMOBON 211223 BPNS Wa 0.2 R2	,metagenome,seawater [ENVO:00002149]; coastal sea water [ENVO:00002150]; surface water [ENVO:00002042],2021-12-23T09:09:16,BPNS Wa 211223,Sander Delacauw,0000-0002-5400-2891,ebb_tide,21.2,10,"0,25",0.2-3,3.0,0.2,Y,Bucket,WaSOP1,"sample was taking by hauling buckets of surface water, depth was not acquired from the CTD measurement but it was estimated from the researchers",18.0,,MSO LifeWatch Lab -80 Freezer,-80.0,Sander Delacauw,0000-0002-5400-2891,Rune Lagaisse,0000-0001-9191-9140,2022-01-10
EMOBON 211223 BPNS Wa 0.2 R3	,metagenome,seawater [ENVO:00002149]; coastal sea water [ENVO:00002150]; surface water [ENVO:00002042],2021-12-23T09:09:16,BPNS Wa 211223,Sander Delacauw,0000-0002-5400-2891,ebb_tide,21.2,10,"0,25",0.2-3,3.0,0.2,Y,Bucket,WaSOP1,"sample was taking by hauling buckets of surface water, depth was not acquired from the CTD measurement but it was estimated from the researchers",,2021-12-23 16:00:00,MSO LifeWatch Lab -80 Freezer,-80.0,Sander Delacauw,0000-0002-5400-2891,Rune Lagaisse,0000-0001-9191-9140,
EMOBON 211223 BPNS Wa 0.2 R4	,metagenome,seawater [ENVO:00002149]; coastal sea water [ENVO:00002150]; surface water [ENVO:00002042],2021-12-23T09:09:16,BPNS Wa 211223,Sander Delacauw,0000-0002-5400-2891,ebb_tide,21.2,10,"0,25",0.2-3,3.0,0.2,Y,Bucket,WaSOP1,"sample was taking by hauling buckets of surface water, depth was not acquired from the CTD measurement but it was estimated from the researchers",,2021-12-23 16:00:00,MSO LifeWatch Lab -80 Freezer,-80.0,Sander Delacauw,0000-0002-5400-2891,Rune Lagaisse,0000-0001-9191-9140,
EMOBON 211223 BPNS Wa 0.2 Blank,metagenome,seawater [ENVO:00002149]; coastal sea water [ENVO:00002150]; surface water [ENVO:00002042],2021-12-23T09:09:16,BPNS Wa 211223,Sander Delacauw,0000-0002-5400-2891,ebb_tide,21.2,10,"0,25",0.2-3,3.0,0.2,Y,Bucket,WaSOP1,"sample was taking by hauling buckets of surface water, depth was not acquired from the CTD measurement but it was estimated from the researchers",,,MSO LifeWatch Lab -80 Freezer,-80.0,Sander Delacauw,0000-0002-5400-2891,Rune Lagaisse,0000-0001-9191-9140,
EMOBON 211223 BPNS Wa 20 R1	,metagenome,seawater [ENVO:00002149]; coastal sea water [ENVO:00002150],2021-12-23T09:09:22,BPNS Wa 211223,Rune Lagaisse,0000-0001-9191-9140,ebb_tide,21.2,0.25,0.05,10-20,20.0,10.0,N,Apstein,WaSOP2,depth was not acquired from the CTD measurement but it was estimated from the researchers,,,MSO LifeWatch Lab -80 Freezer,-80.0,Sander Delacauw,0000-0002-5400-2891,Rune Lagaisse,0000-0001-9191-9140,
EMOBON 211223 BPNS Wa 20 R2,metagenome,seawater [ENVO:00002149]; coastal sea water [ENVO:00002150],2021-12-23T09:09:22,BPNS Wa 211223,Rune Lagaisse,0000-0001-9191-9140,ebb_tide,21.2,0.25,0.05,10-20,20.0,10.0,N,Apstein,WaSOP2,depth was not acquired from the CTD measurement but it was estimated from the researchers,,,MSO LifeWatch Lab -80 Freezer,-80.0,Sander Delacauw,0000-0002-5400-2891,Rune Lagaisse,0000-0001-9191-9140,
EMOBON 211223 BPNS Wa 20 R3,metagenome,seawater [ENVO:00002149]; coastal sea water [ENVO:00002150],2021-12-23T09:09:22,BPNS Wa 211223,Rune Lagaisse,0000-0001-9191-9140,ebb_tide,21.2,0.25,0.05,10-20,20.0,10.0,N,Apstein,WaSOP2,depth was not acquired from the CTD measurement but it was estimated from the researchers,,2021-12-23 16:00:00,MSO LifeWatch Lab -80 Freezer,-80.0,Sander Delacauw,0000-0002-5400-2891,Rune Lagaisse,0000-0001-9191-9140,
EMOBON 211223 BPNS Wa 20 R4,metagenome,seawater [ENVO:00002149]; coastal sea water [ENVO:00002150],2021-12-23T09:09:22,BPNS Wa 211223,Rune Lagaisse,0000-0001-9191-9140,ebb_tide,21.2,0.25,0.05,10-20,20.0,10.0,N,Apstein,WaSOP2,depth was not acquired from the CTD measurement but it was estimated from the researchers,,2021-12-23 16:00:00,MSO LifeWatch Lab -80 Freezer,-80.0,Sander Delacauw,0000-0002-5400-2891,Rune Lagaisse,0000-0001-9191-9140,
EMOBON 211223 BPNS Wa 20 Blank,metagenome,seawater [ENVO:00002149]; coastal sea water [ENVO:00002150],2021-12-23T09:09:22,BPNS Wa 211223,Rune Lagaisse,0000-0001-9191-9140,ebb_tide,21.2,0.25,0.05,10-20,20.0,10.0,N,Apstein,WaSOP2,depth was not acquired from the CTD measurement but it was estimated from the researchers,,,MSO LifeWatch Lab -80 Freezer,-80.0,Sander Delacauw,0000-0002-5400-2891,Rune Lagaisse,0000-0001-9191-9140,
EMOBON 211223 BPNS Wa 200 R1	,metagenome,seawater [ENVO:00002149]; coastal sea water [ENVO:00002150],2021-12-23T09:09:22,BPNS Wa 211224,Rune Lagaisse,0000-0001-9191-9140,ebb_tide,21.2,0.25,0.05,10-200,200.0,10.0,N,WP2,WaSOP3,depth was not acquired from the CTD measurement but it was estimated from the researchers,,,MSO LifeWatch Lab -80 Freezer,-80.0,Sander Delacauw,0000-0002-5400-2891,Rune Lagaisse,0000-0001-9191-9140,
EMOBON 211223 BPNS Wa 200 R2	,metagenome,seawater [ENVO:00002149]; coastal sea water [ENVO:00002150],2021-12-23T09:09:22,BPNS Wa 211224,Rune Lagaisse,0000-0001-9191-9140,ebb_tide,21.2,0.25,0.05,10-200,200.0,10.0,N,WP2,WaSOP3,depth was not acquired from the CTD measurement but it was estimated from the researchers,,,MSO LifeWatch Lab -80 Freezer,-80.0,Sander Delacauw,0000-0002-5400-2891,Rune Lagaisse,0000-0001-9191-9140,
EMOBON 211223 BPNS Wa 200 R3	,metagenome,seawater [ENVO:00002149]; coastal sea water [ENVO:00002150],2021-12-23T09:09:22,BPNS Wa 211224,Rune Lagaisse,0000-0001-9191-9140,ebb_tide,21.2,0.25,0.05,10-200,200.0,10.0,N,WP2,WaSOP3,depth was not acquired from the CTD measurement but it was estimated from the researchers,,2021-12-23 16:00:00,MSO LifeWatch Lab -80 Freezer,-80.0,Sander Delacauw,0000-0002-5400-2891,Rune Lagaisse,0000-0001-9191-9140,
EMOBON 211223 BPNS Wa 200 R4	,metagenome,seawater [ENVO:00002149]; coastal sea water [ENVO:00002150],2021-12-23T09:09:22,BPNS Wa 211224,Rune Lagaisse,0000-0001-9191-9140,ebb_tide,21.2,0.25,0.05,10-200,200.0,10.0,N,WP2,WaSOP3,depth was not acquired from the CTD measurement but it was estimated from the researchers,,2021-12-23 16:00:00,MSO LifeWatch Lab -80 Freezer,-80.0,Sander Delacauw,0000-0002-5400-2891,Rune Lagaisse,0000-0001-9191-9140,
EMOBON 211223 BPNS Wa 200 Blank	,metagenome,seawater [ENVO:00002149]; coastal sea water [ENVO:00002150],2021-12-23T09:09:22,BPNS Wa 211224,Rune Lagaisse,0000-0001-9191-9140,ebb_tide,21.2,0.25,0.05,10-200,200.0,10.0,N,WP2,WaSOP3,depth was not acquired from the CTD measurement but it was estimated from the researchers,,,MSO LifeWatch Lab -80 Freezer,-80.0,Sander Delacauw,0000-0002-5400-2891,Rune Lagaisse,0000-0001-9191-9140,
EMOBON 220322 BPNS Wa 3 R1        ,metagenome,seawater [ENVO:00002149]; coastal sea water [ENVO:00002150],2022-03-22T17:44:31,BPNS Wa 220322,Rune Lagaisse,0000-0001-9191-9140,ebb_tide,not measured,10,"0,25",3-200,200.0,3.0,Y,Bucket,WaSOP1,,,,MSO LifeWatch Lab -80 Freezer,-80.0,Rune Lagaisse,0000-0001-9191-9140,,,
EMOBON 220322 BPNS Wa 3 R2        ,metagenome,seawater [ENVO:00002149]; coastal sea water [ENVO:00002150],2022-03-22T17:44:31,BPNS Wa 220322,Rune Lagaisse,0000-0001-9191-9140,ebb_tide,not measured,10,"0,25",3-200,200.0,3.0,Y,Bucket,WaSOP1,,,,MSO LifeWatch Lab -80 Freezer,-80.0,Rune Lagaisse,0000-0001-9191-9140,,,
EMOBON 220322 BPNS Wa 3 R3        ,metagenome,seawater [ENVO:00002149]; coastal sea water [ENVO:00002150],2022-03-22T17:44:31,BPNS Wa 220322,Rune Lagaisse,0000-0001-9191-9140,ebb_tide,not measured,10,"0,25",3-200,200.0,3.0,Y,Bucket,WaSOP1,,,2022-03-22 11:00:00,MSO LifeWatch Lab -80 Freezer,-80.0,Rune Lagaisse,0000-0001-9191-9140,,,
EMOBON 220322 BPNS Wa 3 R4        ,metagenome,seawater [ENVO:00002149]; coastal sea water [ENVO:00002150],2022-03-22T17:44:31,BPNS Wa 220322,Rune Lagaisse,0000-0001-9191-9140,ebb_tide,not measured,10,"0,25",3-200,200.0,3.0,Y,Bucket,WaSOP1,,,2022-03-22 11:00:00,MSO LifeWatch Lab -80 Freezer,-80.0,Rune Lagaisse,0000-0001-9191-9140,,,
EMOBON 220322 BPNS Wa 3 Blank        ,metagenome,seawater [ENVO:00002149]; coastal sea water [ENVO:00002150],2022-03-22T17:44:31,BPNS Wa 220322,Rune Lagaisse,0000-0001-9191-9140,ebb_tide,not measured,10,0.033333,3-200,200.0,3.0,Y,Bucket,WaSOP1,,,,MSO LifeWatch Lab -80 Freezer,-80.0,Rune Lagaisse,0000-0001-9191-9140,,,
EMOBON 220322 BPNS Wa 0.2 R1        ,metagenome,seawater [ENVO:00002149]; coastal sea water [ENVO:00002150],2022-03-22T17:44:31,BPNS Wa 220322,Rune Lagaisse,0000-0001-9191-9140,ebb_tide,not measured,10,"0,25",0.2-3,3.0,0.2,Y,Bucket,WaSOP1,,,,MSO LifeWatch Lab -80 Freezer,-80.0,Rune Lagaisse,0000-0001-9191-9140,,,
EMOBON 220322 BPNS Wa 0.2 R2        ,metagenome,seawater [ENVO:00002149]; coastal sea water [ENVO:00002150],2022-03-22T17:44:31,BPNS Wa 220322,Rune Lagaisse,0000-0001-9191-9140,ebb_tide,not measured,10,"0,25",0.2-3,3.0,0.2,Y,Bucket,WaSOP1,,,,MSO LifeWatch Lab -80 Freezer,-80.0,Rune Lagaisse,0000-0001-9191-9140,,,
EMOBON 220322 BPNS Wa 0.2 R3        ,metagenome,seawater [ENVO:00002149]; coastal sea water [ENVO:00002150],2022-03-22T17:44:31,BPNS Wa 220322,Rune Lagaisse,0000-0001-9191-9140,ebb_tide,not measured,10,"0,25",0.2-3,3.0,0.2,Y,Bucket,WaSOP1,,,2022-03-22 11:00:00,MSO LifeWatch Lab -80 Freezer,-80.0,Rune Lagaisse,0000-0001-9191-9140,,,
EMOBON 220322 BPNS Wa 0.2 R4        ,metagenome,seawater [ENVO:00002149]; coastal sea water [ENVO:00002150],2022-03-22T17:44:31,BPNS Wa 220322,Rune Lagaisse,0000-0001-9191-9140,ebb_tide,not measured,10,"0,25",0.2-3,3.0,0.2,Y,Bucket,WaSOP1,,,2022-03-22 11:00:00,MSO LifeWatch Lab -80 Freezer,-80.0,Rune Lagaisse,0000-0001-9191-9140,,,
EMOBON 220322 BPNS Wa 0.2 Blank,metagenome,seawater [ENVO:00002149]; coastal sea water [ENVO:00002150],2022-03-22T17:44:31,BPNS Wa 220322,Rune Lagaisse,0000-0001-9191-9140,ebb_tide,not measured,10,0.033333,0.2-3,3.0,0.2,Y,Bucket,WaSOP1,,,,MSO LifeWatch Lab -80 Freezer,-80.0,Rune Lagaisse,0000-0001-9191-9140,,,
EMOBON 220322 BPNS Wa 20 R1        ,metagenome,seawater [ENVO:00002149]; coastal sea water [ENVO:00002150],2022-03-22T17:44:31,BPNS Wa 220322,Rune Lagaisse,0000-0001-9191-9140,ebb_tide,not measured,0.25,0.05,10-20,20.0,10.0,N,Apstein,WaSOP2,,,,MSO LifeWatch Lab -80 Freezer,-80.0,Rune Lagaisse,0000-0001-9191-9140,,,
EMOBON 220322 BPNS Wa 20 R2,metagenome,seawater [ENVO:00002149]; coastal sea water [ENVO:00002150],2022-03-22T17:44:31,BPNS Wa 220322,Rune Lagaisse,0000-0001-9191-9140,ebb_tide,not measured,0.25,0.05,10-20,20.0,10.0,N,Apstein,WaSOP2,,,,MSO LifeWatch Lab -80 Freezer,-80.0,Rune Lagaisse,0000-0001-9191-9140,,,
EMOBON 220322 BPNS Wa 20 R3,metagenome,seawater [ENVO:00002149]; coastal sea water [ENVO:00002150],2022-03-22T17:44:31,BPNS Wa 220322,Rune Lagaisse,0000-0001-9191-9140,ebb_tide,not measured,0.25,0.05,10-20,20.0,10.0,N,Apstein,WaSOP2,,,2022-03-22 11:00:00,MSO LifeWatch Lab -80 Freezer,-80.0,Rune Lagaisse,0000-0001-9191-9140,,,
EMOBON 220322 BPNS Wa 20 R4,metagenome,seawater [ENVO:00002149]; coastal sea water [ENVO:00002150],2022-03-22T17:44:31,BPNS Wa 220322,Rune Lagaisse,0000-0001-9191-9140,ebb_tide,not measured,0.25,0.05,10-20,20.0,10.0,N,Apstein,WaSOP2,,,2022-03-22 11:00:00,MSO LifeWatch Lab -80 Freezer,-80.0,Rune Lagaisse,0000-0001-9191-9140,,,
EMOBON 220322 BPNS Wa 20 Blank,metagenome,seawater [ENVO:00002149]; coastal sea water [ENVO:00002150],2022-03-22T17:44:31,BPNS Wa 220322,Rune Lagaisse,0000-0001-9191-9140,ebb_tide,not measured,0.25,0.05,10-20,20.0,10.0,N,Apstein,WaSOP2,,,,MSO LifeWatch Lab -80 Freezer,-80.0,Rune Lagaisse,0000-0001-9191-9140,,,
EMOBON 220322 BPNS Wa 200 R1        ,metagenome,seawater [ENVO:00002149]; coastal sea water [ENVO:00002150],2022-03-22T17:44:31,BPNS Wa 220322,Rune Lagaisse,0000-0001-9191-9140,ebb_tide,not measured,0.25,0.05,10-200,200.0,10.0,N,WP2,WaSOP3,,,,MSO LifeWatch Lab -80 Freezer,-80.0,Rune Lagaisse,0000-0001-9191-9140,,,
EMOBON 220322 BPNS Wa 200 R2        ,metagenome,seawater [ENVO:00002149]; coastal sea water [ENVO:00002150],2022-03-22T17:44:31,BPNS Wa 220322,Rune Lagaisse,0000-0001-9191-9140,ebb_tide,not measured,0.25,0.05,10-200,200.0,10.0,N,WP2,WaSOP3,,,,MSO LifeWatch Lab -80 Freezer,-80.0,Rune Lagaisse,0000-0001-9191-9140,,,
EMOBON 220322 BPNS Wa 200 R3        ,metagenome,seawater [ENVO:00002149]; coastal sea water [ENVO:00002150],2022-03-22T17:44:31,BPNS Wa 220322,Rune Lagaisse,0000-0001-9191-9140,ebb_tide,not measured,0.25,0.05,10-200,200.0,10.0,N,WP2,WaSOP3,,,2022-03-22 11:00:00,MSO LifeWatch Lab -80 Freezer,-80.0,Rune Lagaisse,0000-0001-9191-9140,,,
EMOBON 220322 BPNS Wa 200 R4        ,metagenome,seawater [ENVO:00002149]; coastal sea water [ENVO:00002150],2022-03-22T17:44:31,BPNS Wa 220322,Rune Lagaisse,0000-0001-9191-9140,ebb_tide,not measured,0.25,0.05,10-200,200.0,10.0,N,WP2,WaSOP3,,,2022-03-22 11:00:00,MSO LifeWatch Lab -80 Freezer,-80.0,Rune Lagaisse,0000-0001-9191-9140,,,
EMOBON 220322 BPNS Wa 200 Blank        ,metagenome,seawater [ENVO:00002149]; coastal sea water [ENVO:00002150],2022-03-22T17:44:31,BPNS Wa 220322,Rune Lagaisse,0000-0001-9191-9140,ebb_tide,not measured,0.25,0.05,10-200,200.0,10.0,N,WP2,WaSOP3,,,,MSO LifeWatch Lab -80 Freezer,-80.0,Rune Lagaisse,0000-0001-9191-9140,,,
EMOBON 220420 BPNS Wa 3 R1        ,metagenome,seawater [ENVO:00002149]; coastal sea water [ENVO:00002150]; surface water [ENVO:00002042],2022-04-20T10:51:54,BPNS Wa 220420,Rune Lagaisse,0000-0001-9191-9140,ebb_tide,not measured,1.5,"0,5",3-200,200.0,3.0,Y,Niskin Bottle,WaSOP1,"Extreme bloom conditions, pipes kept busting, exact volume filtered unknown",,,MSO LifeWatch Lab -80 Freezer,-80.0,Rune Lagaisse,0000-0001-9191-9140,,,
EMOBON 220420 BPNS Wa 3 R2        ,metagenome,seawater [ENVO:00002149]; coastal sea water [ENVO:00002150]; surface water [ENVO:00002042],2022-04-20T10:51:54,BPNS Wa 220420,Rune Lagaisse,0000-0001-9191-9140,ebb_tide,not measured,1.5,"0,5",3-200,200.0,3.0,Y,Niskin Bottle,WaSOP1,"Extreme bloom conditions, pipes kept busting, exact volume filtered unknown",,,MSO LifeWatch Lab -80 Freezer,-80.0,Rune Lagaisse,0000-0001-9191-9140,,,
EMOBON 220420 BPNS Wa 3 R3        ,metagenome,seawater [ENVO:00002149]; coastal sea water [ENVO:00002150]; surface water [ENVO:00002042],2022-04-20T10:51:54,BPNS Wa 220420,Rune Lagaisse,0000-0001-9191-9140,ebb_tide,not measured,not measured,"0,5",3-200,200.0,3.0,Y,Niskin Bottle,WaSOP1,"Extreme bloom conditions, pipes kept busting, exact volume filtered unknown",,2022-04-20 17:10:00,MSO LifeWatch Lab -80 Freezer,-80.0,Rune Lagaisse,0000-0001-9191-9140,,,
EMOBON 220420 BPNS Wa 3 R4        ,metagenome,seawater [ENVO:00002149]; coastal sea water [ENVO:00002150]; surface water [ENVO:00002042],2022-04-20T10:51:54,BPNS Wa 220420,Rune Lagaisse,0000-0001-9191-9140,ebb_tide,not measured,not measured,"0,5",3-200,200.0,3.0,Y,Niskin Bottle,WaSOP1,"Extreme bloom conditions, pipes kept busting, exact volume filtered unknown",,2022-04-20 17:10:00,MSO LifeWatch Lab -80 Freezer,-80.0,Rune Lagaisse,0000-0001-9191-9140,,,
EMOBON 220420 BPNS Wa 3 Blank        ,metagenome,seawater [ENVO:00002149]; coastal sea water [ENVO:00002150]; surface water [ENVO:00002042],2022-04-20T10:51:54,BPNS Wa 220420,Rune Lagaisse,0000-0001-9191-9140,ebb_tide,not measured,not measured,0.05,3-200,200.0,3.0,N,Niskin Bottle,WaSOP1,"Extreme bloom conditions, pipes kept busting, exact volume filtered unknown",,,MSO LifeWatch Lab -80 Freezer,-80.0,Rune Lagaisse,0000-0001-9191-9140,,,
EMOBON 220420 BPNS Wa 0.2 R1        ,metagenome,seawater [ENVO:00002149]; coastal sea water [ENVO:00002150]; surface water [ENVO:00002042],2022-04-20T10:51:54,BPNS Wa 220420,Rune Lagaisse,0000-0001-9191-9140,ebb_tide,not measured,not measured,"0,5",0.2-3,3.0,0.2,Y,Niskin Bottle,WaSOP1,"Extreme bloom conditions, pipes kept busting, exact volume filtered unknown",,,MSO LifeWatch Lab -80 Freezer,-80.0,Rune Lagaisse,0000-0001-9191-9140,,,
EMOBON 220420 BPNS Wa 0.2 R2        ,metagenome,seawater [ENVO:00002149]; coastal sea water [ENVO:00002150]; surface water [ENVO:00002042],2022-04-20T10:51:54,BPNS Wa 220420,Rune Lagaisse,0000-0001-9191-9140,ebb_tide,not measured,not measured,"0,5",0.2-3,3.0,0.2,Y,Niskin Bottle,WaSOP1,"Extreme bloom conditions, pipes kept busting, exact volume filtered unknown",,,MSO LifeWatch Lab -80 Freezer,-80.0,Rune Lagaisse,0000-0001-9191-9140,,,
EMOBON 220420 BPNS Wa 0.2 R3        ,metagenome,seawater [ENVO:00002149]; coastal sea water [ENVO:00002150]; surface water [ENVO:00002042],2022-04-20T10:51:54,BPNS Wa 220420,Rune Lagaisse,0000-0001-9191-9140,ebb_tide,not measured,not measured,"0,5",0.2-3,3.0,0.2,Y,Niskin Bottle,WaSOP1,"Extreme bloom conditions, pipes kept busting, exact volume filtered unknown",,2022-04-20 17:10:00,MSO LifeWatch Lab -80 Freezer,-80.0,Rune Lagaisse,0000-0001-9191-9140,,,
EMOBON 220420 BPNS Wa 0.2 R4        ,metagenome,seawater [ENVO:00002149]; coastal sea water [ENVO:00002150]; surface water [ENVO:00002042],2022-04-20T10:51:54,BPNS Wa 220420,Rune Lagaisse,0000-0001-9191-9140,ebb_tide,not measured,not measured,0.05,0.2-3,3.0,0.2,Y,Niskin Bottle,WaSOP1,"Extreme bloom conditions, pipes kept busting, exact volume filtered unknown",,2022-04-20 17:10:00,MSO LifeWatch Lab -80 Freezer,-80.0,Rune Lagaisse,0000-0001-9191-9140,,,
EMOBON 220420 BPNS Wa 0.2 Blank,metagenome,seawater [ENVO:00002149]; coastal sea water [ENVO:00002150]; surface water [ENVO:00002042],2022-04-20T10:51:54,BPNS Wa 220420,Rune Lagaisse,0000-0001-9191-9140,ebb_tide,not measured,not measured,"0,5",0.2-3,3.0,0.2,N,Niskin Bottle,WaSOP1,"Extreme bloom conditions, pipes kept busting, exact volume filtered unknown",,,MSO LifeWatch Lab -80 Freezer,-80.0,Rune Lagaisse,0000-0001-9191-9140,,,
EMOBON 220420 BPNS Wa 20 R1        ,,,,,,,,,,,,,,,,,"Failed, extreme bloom conditions",,,,,,,,,
EMOBON 220420 BPNS Wa 20 R2,,,,,,,,,,,,,,,,,"Failed, extreme bloom conditions",,,,,,,,,
EMOBON 220420 BPNS Wa 20 R3,,,,,,,,,,,,,,,,,"Failed, extreme bloom conditions",,,,,,,,,
EMOBON 220420 BPNS Wa 20 R4,,,,,,,,,,,,,,,,,"Failed, extreme bloom conditions",,,,,,,,,
EMOBON 220420 BPNS Wa 20 Blank,,,,,,,,,,,,,,,,,"Failed, extreme bloom conditions",,,,,,,,,
EMOBON 220420 BPNS Wa 200 R1        ,,,,,,,,,,,,,,,,,"Failed, extreme bloom conditions",,,,,,,,,
EMOBON 220420 BPNS Wa 200 R2        ,,,,,,,,,,,,,,,,,"Failed, extreme bloom conditions",,,,,,,,,
EMOBON 220420 BPNS Wa 200 R3        ,,,,,,,,,,,,,,,,,"Failed, extreme bloom conditions",,,,,,,,,
EMOBON 220420 BPNS Wa 200 R4        ,,,,,,,,,,,,,,,,,"Failed, extreme bloom conditions",,,,,,,,,
EMOBON 220420 BPNS Wa 200 Blank        ,,,,,,,,,,,,,,,,,"Failed, extreme bloom conditions",,,,,,,,,
EMOBON 220601 BPNS Wa 3 R1        ,metagenome,seawater [ENVO:00002149]; coastal sea water [ENVO:00002150]; surface water [ENVO:00002042],2022-06-01 00:00:00,BPNS Wa 220601,Rune Lagaisse,0000-0001-9191-9140,flood_tide,20.3,6,0.4,3-200,200.0,3.0,Y,Niskin Bottle,WaSOP1,,,,MSO LifeWatch Lab -80 Freezer,-80.0,Rune Lagaisse,0000-0001-9191-9140,,,2022-09-26
EMOBON 220601 BPNS Wa 3 R2        ,metagenome,seawater [ENVO:00002149]; coastal sea water [ENVO:00002150]; surface water [ENVO:00002042],2022-06-01 00:00:00,BPNS Wa 220601,Rune Lagaisse,0000-0001-9191-9140,flood_tide,20.3,6,0.4,3-200,200.0,3.0,Y,Niskin Bottle,WaSOP1,,,,MSO LifeWatch Lab -80 Freezer,-80.0,Rune Lagaisse,0000-0001-9191-9140,,,2022-09-26
EMOBON 220601 BPNS Wa 3 R3        ,metagenome,seawater [ENVO:00002149]; coastal sea water [ENVO:00002150]; surface water [ENVO:00002042],2022-06-01 00:00:00,BPNS Wa 220601,Rune Lagaisse,0000-0001-9191-9140,flood_tide,20.3,6,0.4,3-200,200.0,3.0,Y,Niskin Bottle,WaSOP1,,,2022-06-01 10:00:00,MSO LifeWatch Lab -80 Freezer,-80.0,Rune Lagaisse,0000-0001-9191-9140,,,
EMOBON 220601 BPNS Wa 3 R4        ,metagenome,seawater [ENVO:00002149]; coastal sea water [ENVO:00002150]; surface water [ENVO:00002042],2022-06-01 00:00:00,BPNS Wa 220601,Rune Lagaisse,0000-0001-9191-9140,flood_tide,20.3,6,0.4,3-200,200.0,3.0,Y,Niskin Bottle,WaSOP1,,,2022-06-01 10:00:00,MSO LifeWatch Lab -80 Freezer,-80.0,Rune Lagaisse,0000-0001-9191-9140,,,
EMOBON 220601 BPNS Wa 3 Blank        ,metagenome,seawater [ENVO:00002149]; coastal sea water [ENVO:00002150]; surface water [ENVO:00002042],2022-06-01 00:00:00,BPNS Wa 220601,Rune Lagaisse,0000-0001-9191-9140,flood_tide,20.3,6,0.05,3-200,200.0,3.0,N,Niskin Bottle,WaSOP1,,,,MSO LifeWatch Lab -80 Freezer,-80.0,Rune Lagaisse,0000-0001-9191-9140,,,
EMOBON 220601 BPNS Wa 0.2 R1        ,metagenome,seawater [ENVO:00002149]; coastal sea water [ENVO:00002150]; surface water [ENVO:00002042],2022-06-01 00:00:00,BPNS Wa 220601,Rune Lagaisse,0000-0001-9191-9140,flood_tide,20.3,6,0.4,0.2-3,3.0,0.2,Y,Niskin Bottle,WaSOP1,,,,MSO LifeWatch Lab -80 Freezer,-80.0,Rune Lagaisse,0000-0001-9191-9140,,,2022-09-26
EMOBON 220601 BPNS Wa 0.2 R2        ,metagenome,seawater [ENVO:00002149]; coastal sea water [ENVO:00002150]; surface water [ENVO:00002042],2022-06-01 00:00:00,BPNS Wa 220601,Rune Lagaisse,0000-0001-9191-9140,flood_tide,20.3,6,0.4,0.2-3,3.0,0.2,Y,Niskin Bottle,WaSOP1,,,,MSO LifeWatch Lab -80 Freezer,-80.0,Rune Lagaisse,0000-0001-9191-9140,,,2022-09-26
EMOBON 220601 BPNS Wa 0.2 R3        ,metagenome,seawater [ENVO:00002149]; coastal sea water [ENVO:00002150]; surface water [ENVO:00002042],2022-06-01 00:00:00,BPNS Wa 220601,Rune Lagaisse,0000-0001-9191-9140,flood_tide,20.3,6,0.4,0.2-3,3.0,0.2,Y,Niskin Bottle,WaSOP1,,,2022-06-01 10:00:00,MSO LifeWatch Lab -80 Freezer,-80.0,Rune Lagaisse,0000-0001-9191-9140,,,
EMOBON 220601 BPNS Wa 0.2 R4        ,metagenome,seawater [ENVO:00002149]; coastal sea water [ENVO:00002150]; surface water [ENVO:00002042],2022-06-01 00:00:00,BPNS Wa 220601,Rune Lagaisse,0000-0001-9191-9140,flood_tide,20.3,6,0.4,0.2-3,3.0,0.2,Y,Niskin Bottle,WaSOP1,,,2022-06-01 10:00:00,MSO LifeWatch Lab -80 Freezer,-80.0,Rune Lagaisse,0000-0001-9191-9140,,,
EMOBON 220601 BPNS Wa 0.2 Blank,metagenome,seawater [ENVO:00002149]; coastal sea water [ENVO:00002150]; surface water [ENVO:00002042],2022-06-01 00:00:00,BPNS Wa 220601,Rune Lagaisse,0000-0001-9191-9140,flood_tide,20.3,6,0.05,0.2-3,3.0,0.2,N,Niskin Bottle,WaSOP1,,,,MSO LifeWatch Lab -80 Freezer,-80.0,Rune Lagaisse,0000-0001-9191-9140,,,
EMOBON 220601 BPNS Wa 20 R1        ,metagenome,seawater [ENVO:00002149]; coastal sea water [ENVO:00002150],2022-06-01 00:00:00,BPNS Wa 220601,Rune Lagaisse,0000-0001-9191-9140,flood_tide,20.3,0.25,0.5,10-20,20.0,10.0,N,Apstein,WaSOP2,,,,MSO LifeWatch Lab -80 Freezer,-80.0,Rune Lagaisse,0000-0001-9191-9140,,,
EMOBON 220601 BPNS Wa 20 R2,metagenome,seawater [ENVO:00002149]; coastal sea water [ENVO:00002150],2022-06-01 00:00:00,BPNS Wa 220601,Rune Lagaisse,0000-0001-9191-9140,flood_tide,20.3,0.25,0.5,10-20,20.0,10.0,N,Apstein,WaSOP2,,,,MSO LifeWatch Lab -80 Freezer,-80.0,Rune Lagaisse,0000-0001-9191-9140,,,
EMOBON 220601 BPNS Wa 20 R3,metagenome,seawater [ENVO:00002149]; coastal sea water [ENVO:00002150],2022-06-01 00:00:00,BPNS Wa 220601,Rune Lagaisse,0000-0001-9191-9140,flood_tide,20.3,0.25,0.5,10-20,20.0,10.0,N,Apstein,WaSOP2,,,2022-06-01 10:00:00,MSO LifeWatch Lab -80 Freezer,-80.0,Rune Lagaisse,0000-0001-9191-9140,,,
EMOBON 220601 BPNS Wa 20 R4,metagenome,seawater [ENVO:00002149]; coastal sea water [ENVO:00002150],2022-06-01 00:00:00,BPNS Wa 220601,Rune Lagaisse,0000-0001-9191-9140,flood_tide,20.3,0.25,0.5,10-20,20.0,10.0,N,Apstein,WaSOP2,,,2022-06-01 10:00:00,MSO LifeWatch Lab -80 Freezer,-80.0,Rune Lagaisse,0000-0001-9191-9140,,,
EMOBON 220601 BPNS Wa 20 Blank,metagenome,seawater [ENVO:00002149]; coastal sea water [ENVO:00002150],2022-06-01 00:00:00,BPNS Wa 220601,Rune Lagaisse,0000-0001-9191-9140,flood_tide,20.3,0.25,0.005,10-20,20.0,10.0,N,Apstein,WaSOP2,,,,MSO LifeWatch Lab -80 Freezer,-80.0,Rune Lagaisse,0000-0001-9191-9140,,,
EMOBON 220601 BPNS Wa 200 R1        ,metagenome,seawater [ENVO:00002149]; coastal sea water [ENVO:00002150],2022-06-01 00:00:00,BPNS Wa 220601,Rune Lagaisse,0000-0001-9191-9140,flood_tide,20.3,0,,10-200,200.0,10.0,N,WP2,WaSOP3,"bloom, filtrations failed, nothing wen through filter after 1h of filtration, discarded top water but did freeze samples (visible material on top)",,,MSO LifeWatch Lab -80 Freezer,-80.0,Rune Lagaisse,0000-0001-9191-9140,,,
EMOBON 220601 BPNS Wa 200 R2        ,metagenome,seawater [ENVO:00002149]; coastal sea water [ENVO:00002150],2022-06-01 00:00:00,BPNS Wa 220601,Rune Lagaisse,0000-0001-9191-9140,flood_tide,20.3,0,,10-200,200.0,10.0,N,WP2,WaSOP3,"bloom, filtrations failed, nothing wen through filter after 1h of filtration, discarded top water but did freeze samples (visible material on top)",,,MSO LifeWatch Lab -80 Freezer,-80.0,Rune Lagaisse,0000-0001-9191-9140,,,
EMOBON 220601 BPNS Wa 200 R3        ,metagenome,seawater [ENVO:00002149]; coastal sea water [ENVO:00002150],2022-06-01 00:00:00,BPNS Wa 220601,Rune Lagaisse,0000-0001-9191-9140,flood_tide,20.3,0,,10-200,200.0,10.0,N,WP2,WaSOP3,"bloom, filtrations failed, nothing wen through filter after 1h of filtration, discarded top water but did freeze samples (visible material on top)",,2022-06-01 10:00:00,MSO LifeWatch Lab -80 Freezer,-80.0,Rune Lagaisse,0000-0001-9191-9140,,,
EMOBON 220601 BPNS Wa 200 R4        ,metagenome,seawater [ENVO:00002149]; coastal sea water [ENVO:00002150],2022-06-01 00:00:00,BPNS Wa 220601,Rune Lagaisse,0000-0001-9191-9140,flood_tide,20.3,0,,10-200,200.0,10.0,N,WP2,WaSOP3,"bloom, filtrations failed, nothing wen through filter after 1h of filtration, discarded top water but did freeze samples (visible material on top)",,2022-06-01 10:00:00,MSO LifeWatch Lab -80 Freezer,-80.0,Rune Lagaisse,0000-0001-9191-9140,,,
EMOBON 220601 BPNS Wa 200 Blank        ,metagenome,seawater [ENVO:00002149]; coastal sea water [ENVO:00002150],2022-06-01 00:00:00,BPNS Wa 220601,Rune Lagaisse,0000-0001-9191-9140,flood_tide,20.3,0.25,0.005,10-200,200.0,10.0,N,WP2,WaSOP3,"bloom, filtrations failed, nothing wen through filter after 1h of filtration, discarded top water but did freeze samples (visible material on top)",,,MSO LifeWatch Lab -80 Freezer,-80.0,Rune Lagaisse,0000-0001-9191-9140,,,
EMOBON 220819 BPNS Wa 3 R1        ,metagenome,seawater [ENVO:00002149]; coastal sea water [ENVO:00002150],2022-08-19 00:00:00,BPNS Wa 220819,Rune Lagaisse,0000-0001-9191-9140,flood_tide,"19,9",6,0.5,3-200,200.0,3.0,Y,Niskin Bottle,WaSOP1,,,,MSO LifeWatch Lab -80 Freezer,-80.0,Rune Lagaisse,0000-0001-9191-9140,,,2022-09-26
EMOBON 220819 BPNS Wa 3 R2        ,metagenome,seawater [ENVO:00002149]; coastal sea water [ENVO:00002150],2022-08-19 00:00:00,BPNS Wa 220819,Rune Lagaisse,0000-0001-9191-9140,flood_tide,"19,9",6,0.5,3-200,200.0,3.0,Y,Niskin Bottle,WaSOP1,,,2022-08-19 14:30:00,MSO LifeWatch Lab -80 Freezer,-80.0,Rune Lagaisse,0000-0001-9191-9140,,,2022-09-26
EMOBON 220819 BPNS Wa 3 R3        ,metagenome,seawater [ENVO:00002149]; coastal sea water [ENVO:00002150],2022-08-19 00:00:00,BPNS Wa 220819,Rune Lagaisse,0000-0001-9191-9140,flood_tide,"19,9",6,0.5,3-200,200.0,3.0,Y,Niskin Bottle,WaSOP1,,,2022-08-19 14:30:00,MSO LifeWatch Lab -80 Freezer,-80.0,Rune Lagaisse,0000-0001-9191-9140,,,
EMOBON 220819 BPNS Wa 3 R4        ,metagenome,seawater [ENVO:00002149]; coastal sea water [ENVO:00002150],2022-08-19 00:00:00,BPNS Wa 220819,Rune Lagaisse,0000-0001-9191-9140,flood_tide,"19,9",6,0.5,3-200,200.0,3.0,Y,Niskin Bottle,WaSOP1,,,,MSO LifeWatch Lab -80 Freezer,-80.0,Rune Lagaisse,0000-0001-9191-9140,,,
EMOBON 220819 BPNS Wa 3 Blank        ,metagenome,seawater [ENVO:00002149]; coastal sea water [ENVO:00002150],2022-08-19 00:00:00,BPNS Wa 220819,Rune Lagaisse,0000-0001-9191-9140,flood_tide,"19,9",6,0.05,3-200,200.0,3.0,N,Niskin Bottle,WaSOP1,,,,MSO LifeWatch Lab -80 Freezer,-80.0,Rune Lagaisse,0000-0001-9191-9140,,,
EMOBON 220819 BPNS Wa 0.2 R1        ,metagenome,seawater [ENVO:00002149]; coastal sea water [ENVO:00002150],2022-08-19 00:00:00,BPNS Wa 220819,Rune Lagaisse,0000-0001-9191-9140,flood_tide,"19,9",6,0.25,0.2-3,3.0,0.2,Y,Niskin Bottle,WaSOP1,,,,MSO LifeWatch Lab -80 Freezer,-80.0,Rune Lagaisse,0000-0001-9191-9140,,,2022-09-26
EMOBON 220819 BPNS Wa 0.2 R2        ,metagenome,seawater [ENVO:00002149]; coastal sea water [ENVO:00002150],2022-08-19 00:00:00,BPNS Wa 220819,Rune Lagaisse,0000-0001-9191-9140,flood_tide,"19,9",6,0.25,0.2-3,3.0,0.2,Y,Niskin Bottle,WaSOP1,,,2022-08-19 14:30:00,MSO LifeWatch Lab -80 Freezer,-80.0,Rune Lagaisse,0000-0001-9191-9140,,,2022-09-26
EMOBON 220819 BPNS Wa 0.2 R3        ,metagenome,seawater [ENVO:00002149]; coastal sea water [ENVO:00002150],2022-08-19 00:00:00,BPNS Wa 220819,Rune Lagaisse,0000-0001-9191-9140,flood_tide,"19,9",6,0.25,0.2-3,3.0,0.2,Y,Niskin Bottle,WaSOP1,,,2022-08-19 14:30:00,MSO LifeWatch Lab -80 Freezer,-80.0,Rune Lagaisse,0000-0001-9191-9140,,,
EMOBON 220819 BPNS Wa 0.2 R4        ,metagenome,seawater [ENVO:00002149]; coastal sea water [ENVO:00002150],2022-08-19 00:00:00,BPNS Wa 220819,Rune Lagaisse,0000-0001-9191-9140,flood_tide,"19,9",6,0.25,0.2-3,3.0,0.2,Y,Niskin Bottle,WaSOP1,,,,MSO LifeWatch Lab -80 Freezer,-80.0,Rune Lagaisse,0000-0001-9191-9140,,,
EMOBON 220819 BPNS Wa 0.2 Blank,metagenome,seawater [ENVO:00002149]; coastal sea water [ENVO:00002150],2022-08-19 00:00:00,BPNS Wa 220819,Rune Lagaisse,0000-0001-9191-9140,flood_tide,"19,9",6,0.05,0.2-3,3.0,0.2,N,Niskin Bottle,WaSOP1,,,,MSO LifeWatch Lab -80 Freezer,-80.0,Rune Lagaisse,0000-0001-9191-9140,,,
EMOBON 220819 BPNS Wa 20 R1        ,metagenome,seawater [ENVO:00002149]; coastal sea water [ENVO:00002150],2022-08-19 00:00:00,BPNS Wa 220819,Rune Lagaisse,0000-0001-9191-9140,flood_tide,"19,9",0.25,0.25,10-20,20.0,10.0,N,Apstein,WaSOP2,,,,MSO LifeWatch Lab -80 Freezer,-80.0,Rune Lagaisse,0000-0001-9191-9140,,,
EMOBON 220819 BPNS Wa 20 R2,metagenome,seawater [ENVO:00002149]; coastal sea water [ENVO:00002150],2022-08-19 00:00:00,BPNS Wa 220819,Rune Lagaisse,0000-0001-9191-9140,flood_tide,"19,9",0.25,0.25,10-20,20.0,10.0,N,Apstein,WaSOP2,,,2022-08-19 14:30:00,MSO LifeWatch Lab -80 Freezer,-80.0,Rune Lagaisse,0000-0001-9191-9140,,,
EMOBON 220819 BPNS Wa 20 R3,metagenome,seawater [ENVO:00002149]; coastal sea water [ENVO:00002150],2022-08-19 00:00:00,BPNS Wa 220819,Rune Lagaisse,0000-0001-9191-9140,flood_tide,"19,9",0.25,0.25,10-20,20.0,10.0,N,Apstein,WaSOP2,,,2022-08-19 14:30:00,MSO LifeWatch Lab -80 Freezer,-80.0,Rune Lagaisse,0000-0001-9191-9140,,,
EMOBON 220819 BPNS Wa 20 R4,metagenome,seawater [ENVO:00002149]; coastal sea water [ENVO:00002150],2022-08-19 00:00:00,BPNS Wa 220819,Rune Lagaisse,0000-0001-9191-9140,flood_tide,"19,9",0.25,0.25,10-20,20.0,10.0,N,Apstein,WaSOP2,,,,MSO LifeWatch Lab -80 Freezer,-80.0,Rune Lagaisse,0000-0001-9191-9140,,,
EMOBON 220819 BPNS Wa 20 Blank,metagenome,seawater [ENVO:00002149]; coastal sea water [ENVO:00002150],2022-08-19 00:00:00,BPNS Wa 220819,Rune Lagaisse,0000-0001-9191-9140,flood_tide,"19,9",0.25,0.25,10-20,20.0,10.0,N,Apstein,WaSOP2,,,,MSO LifeWatch Lab -80 Freezer,-80.0,Rune Lagaisse,0000-0001-9191-9140,,,
EMOBON 220819 BPNS Wa 200 R1        ,metagenome,seawater [ENVO:00002149]; coastal sea water [ENVO:00002150],2022-08-19 00:00:00,BPNS Wa 220819,Rune Lagaisse,0000-0001-9191-9140,flood_tide,"19,9",0.25,0.25,10-200,200.0,10.0,N,WP2,WaSOP3,,,,MSO LifeWatch Lab -80 Freezer,-80.0,Rune Lagaisse,0000-0001-9191-9140,,,
EMOBON 220819 BPNS Wa 200 R2        ,metagenome,seawater [ENVO:00002149]; coastal sea water [ENVO:00002150],2022-08-19 00:00:00,BPNS Wa 220819,Rune Lagaisse,0000-0001-9191-9140,flood_tide,"19,9",0.25,0.25,10-200,200.0,10.0,N,WP2,WaSOP3,,,2022-08-19 14:30:00,MSO LifeWatch Lab -80 Freezer,-80.0,Rune Lagaisse,0000-0001-9191-9140,,,
EMOBON 220819 BPNS Wa 200 R3        ,metagenome,seawater [ENVO:00002149]; coastal sea water [ENVO:00002150],2022-08-19 00:00:00,BPNS Wa 220819,Rune Lagaisse,0000-0001-9191-9140,flood_tide,"19,9",0.25,0.25,10-200,200.0,10.0,N,WP2,WaSOP3,,,2022-08-19 14:30:00,MSO LifeWatch Lab -80 Freezer,-80.0,Rune Lagaisse,0000-0001-9191-9140,,,
EMOBON 220819 BPNS Wa 200 R4        ,metagenome,seawater [ENVO:00002149]; coastal sea water [ENVO:00002150],2022-08-19 00:00:00,BPNS Wa 220819,Rune Lagaisse,0000-0001-9191-9140,flood_tide,"19,9",0.25,0.25,10-200,200.0,10.0,N,WP2,WaSOP3,,,,MSO LifeWatch Lab -80 Freezer,-80.0,Rune Lagaisse,0000-0001-9191-9140,,,
EMOBON 220819 BPNS Wa 200 Blank        ,metagenome,seawater [ENVO:00002149]; coastal sea water [ENVO:00002150],2022-08-19 00:00:00,BPNS Wa 220819,Rune Lagaisse,0000-0001-9191-9140,flood_tide,"19,9",0.25,0.05,10-200,200.0,10.0,N,WP2,WaSOP3,,,,MSO LifeWatch Lab -80 Freezer,-80.0,Rune Lagaisse,0000-0001-9191-9140,,,
EMOBON 221027 BPNS Wa 3 R1        ,metagenome,seawater [ENVO:00002149]; coastal sea water [ENVO:00002150],,BPNS Wa 221027,Rune Lagaisse,0000-0001-9191-9140,,,9,"0,5",3-200,200.0,3.0,Y,Niskin Bottle,WaSOP1,,,2022-10-27 16:46:00,MSO LifeWatch Lab -80 Freezer,-80.0,Rune Lagaisse,0000-0001-9191-9140,,,
EMOBON 221027 BPNS Wa 3 R2        ,metagenome,seawater [ENVO:00002149]; coastal sea water [ENVO:00002150],,BPNS Wa 221027,Rune Lagaisse,0000-0001-9191-9140,,,9,"0,5",3-200,200.0,3.0,Y,Niskin Bottle,WaSOP1,,,2022-10-27 16:46:00,MSO LifeWatch Lab -80 Freezer,-80.0,Rune Lagaisse,0000-0001-9191-9140,,,
EMOBON 221027 BPNS Wa 3 R3        ,metagenome,seawater [ENVO:00002149]; coastal sea water [ENVO:00002150],,BPNS Wa 221027,Rune Lagaisse,0000-0001-9191-9140,,,9,1,3-200,200.0,3.0,Y,Niskin Bottle,WaSOP1,,,2022-10-27 16:46:00,MSO LifeWatch Lab -80 Freezer,-80.0,Rune Lagaisse,0000-0001-9191-9140,,,
EMOBON 221027 BPNS Wa 3 R4        ,metagenome,seawater [ENVO:00002149]; coastal sea water [ENVO:00002150],,BPNS Wa 221027,Rune Lagaisse,0000-0001-9191-9140,,,9,1,3-200,200.0,3.0,Y,Niskin Bottle,WaSOP1,,,2022-10-27 16:46:00,MSO LifeWatch Lab -80 Freezer,-80.0,Rune Lagaisse,0000-0001-9191-9140,,,
EMOBON 221027 BPNS Wa 3 Blank        ,metagenome,seawater [ENVO:00002149]; coastal sea water [ENVO:00002150],,BPNS Wa 221027,Rune Lagaisse,0000-0001-9191-9140,,,9,0.05,3-200,200.0,3.0,N,Niskin Bottle,WaSOP1,,,2022-10-27 16:46:00,MSO LifeWatch Lab -80 Freezer,-80.0,Rune Lagaisse,0000-0001-9191-9140,,,
EMOBON 221027 BPNS Wa 0.2 R1        ,metagenome,seawater [ENVO:00002149]; coastal sea water [ENVO:00002150],,BPNS Wa 221027,Rune Lagaisse,0000-0001-9191-9140,,,9,"0,5",0.2-3,3.0,0.2,Y,Niskin Bottle,WaSOP1,,,2022-10-27 16:46:00,MSO LifeWatch Lab -80 Freezer,-80.0,Rune Lagaisse,0000-0001-9191-9140,,,
EMOBON 221027 BPNS Wa 0.2 R2        ,metagenome,seawater [ENVO:00002149]; coastal sea water [ENVO:00002150],,BPNS Wa 221027,Rune Lagaisse,0000-0001-9191-9140,,,9,"0,5",0.2-3,3.0,0.2,Y,Niskin Bottle,WaSOP1,,,2022-10-27 16:46:00,MSO LifeWatch Lab -80 Freezer,-80.0,Rune Lagaisse,0000-0001-9191-9140,,,
EMOBON 221027 BPNS Wa 0.2 R3        ,metagenome,seawater [ENVO:00002149]; coastal sea water [ENVO:00002150],,BPNS Wa 221027,Rune Lagaisse,0000-0001-9191-9140,,,9,1,0.2-3,3.0,0.2,Y,Niskin Bottle,WaSOP1,,,2022-10-27 16:46:00,MSO LifeWatch Lab -80 Freezer,-80.0,Rune Lagaisse,0000-0001-9191-9140,,,
EMOBON 221027 BPNS Wa 0.2 R4        ,metagenome,seawater [ENVO:00002149]; coastal sea water [ENVO:00002150],,BPNS Wa 221027,Rune Lagaisse,0000-0001-9191-9140,,,9,1,0.2-3,3.0,0.2,Y,Niskin Bottle,WaSOP1,,,2022-10-27 16:46:00,MSO LifeWatch Lab -80 Freezer,-80.0,Rune Lagaisse,0000-0001-9191-9140,,,
EMOBON 221027 BPNS Wa 0.2 Blank,metagenome,seawater [ENVO:00002149]; coastal sea water [ENVO:00002150],,BPNS Wa 221027,Rune Lagaisse,0000-0001-9191-9140,,,9,0.05,0.2-3,3.0,0.2,N,Niskin Bottle,WaSOP1,,,2022-10-27 16:46:00,MSO LifeWatch Lab -80 Freezer,-80.0,Rune Lagaisse,0000-0001-9191-9140,,,
EMOBON 221027 BPNS Wa 20 R1        ,metagenome,seawater [ENVO:00002149]; coastal sea water [ENVO:00002150],,BPNS Wa 221027,Rune Lagaisse,0000-0001-9191-9140,,,0.25,0.25,10-20,20.0,10.0,N,Apstein,WaSOP2,,,2022-10-27 16:46:00,MSO LifeWatch Lab -80 Freezer,-80.0,Rune Lagaisse,0000-0001-9191-9140,,,
EMOBON 221027 BPNS Wa 20 R2,metagenome,seawater [ENVO:00002149]; coastal sea water [ENVO:00002150],,BPNS Wa 221027,Rune Lagaisse,0000-0001-9191-9140,,,0.25,0.25,10-20,20.0,10.0,N,Apstein,WaSOP2,,,2022-10-27 16:46:00,MSO LifeWatch Lab -80 Freezer,-80.0,Rune Lagaisse,0000-0001-9191-9140,,,
EMOBON 221027 BPNS Wa 20 R3,metagenome,seawater [ENVO:00002149]; coastal sea water [ENVO:00002150],,BPNS Wa 221027,Rune Lagaisse,0000-0001-9191-9140,,,0.25,0.25,10-20,20.0,10.0,N,Apstein,WaSOP2,,,2022-10-27 16:46:00,MSO LifeWatch Lab -80 Freezer,-80.0,Rune Lagaisse,0000-0001-9191-9140,,,
EMOBON 221027 BPNS Wa 20 R4,metagenome,seawater [ENVO:00002149]; coastal sea water [ENVO:00002150],,BPNS Wa 221027,Rune Lagaisse,0000-0001-9191-9140,,,0.25,0.25,10-20,20.0,10.0,N,Apstein,WaSOP2,,,2022-10-27 16:46:00,MSO LifeWatch Lab -80 Freezer,-80.0,Rune Lagaisse,0000-0001-9191-9140,,,
EMOBON 221027 BPNS Wa 20 Blank,metagenome,seawater [ENVO:00002149]; coastal sea water [ENVO:00002150],,BPNS Wa 221027,Rune Lagaisse,0000-0001-9191-9140,,,0.25,0.05,10-20,20.0,10.0,N,Apstein,WaSOP2,,,2022-10-27 16:46:00,MSO LifeWatch Lab -80 Freezer,-80.0,Rune Lagaisse,0000-0001-9191-9140,,,
EMOBON 221027 BPNS Wa 200 R1        ,metagenome,seawater [ENVO:00002149]; coastal sea water [ENVO:00002150],,BPNS Wa 221027,Rune Lagaisse,0000-0001-9191-9140,,,0.25,0.25,10-200,200.0,10.0,N,WP2,WaSOP3,,,2022-10-27 16:46:00,MSO LifeWatch Lab -80 Freezer,-80.0,Rune Lagaisse,0000-0001-9191-9140,,,
EMOBON 221027 BPNS Wa 200 R2        ,metagenome,seawater [ENVO:00002149]; coastal sea water [ENVO:00002150],,BPNS Wa 221027,Rune Lagaisse,0000-0001-9191-9140,,,0.25,0.25,10-200,200.0,10.0,N,WP2,WaSOP3,,,2022-10-27 16:46:00,MSO LifeWatch Lab -80 Freezer,-80.0,Rune Lagaisse,0000-0001-9191-9140,,,
EMOBON 221027 BPNS Wa 200 R3        ,metagenome,seawater [ENVO:00002149]; coastal sea water [ENVO:00002150],,BPNS Wa 221027,Rune Lagaisse,0000-0001-9191-9140,,,0.25,0.25,10-200,200.0,10.0,N,WP2,WaSOP3,,,2022-10-27 16:46:00,MSO LifeWatch Lab -80 Freezer,-80.0,Rune Lagaisse,0000-0001-9191-9140,,,
EMOBON 221027 BPNS Wa 200 R4        ,metagenome,seawater [ENVO:00002149]; coastal sea water [ENVO:00002150],,BPNS Wa 221027,Rune Lagaisse,0000-0001-9191-9140,,,0.25,0.25,10-200,200.0,10.0,N,WP2,WaSOP3,,,2022-10-27 16:46:00,MSO LifeWatch Lab -80 Freezer,-80.0,Rune Lagaisse,0000-0001-9191-9140,,,
EMOBON 221027 BPNS Wa 200 Blank        ,metagenome,seawater [ENVO:00002149]; coastal sea water [ENVO:00002150],,BPNS Wa 221027,Rune Lagaisse,0000-0001-9191-9140,,,0.25,0.05,10-200,200.0,10.0,N,WP2,WaSOP3,,,2022-10-27 16:46:00,MSO LifeWatch Lab -80 Freezer,-80.0,Rune Lagaisse,0000-0001-9191-9140,,,
EMOBON 221212 BPNS Wa 3 R1        ,metagenome,seawater [ENVO:00002149]; coastal sea water [ENVO:00002150],,BPNS Wa 221027,Rune Lagaisse,0000-0001-9191-9140,,,10,,3-200,200.0,3.0,Y,Niskin Bottle,WaSOP1,,,2022-12-12 15:56:00,MSO LifeWatch Lab -80 Freezer,-80.0,Rune Lagaisse,0000-0001-9191-9140,,,
EMOBON 221212 BPNS Wa 3 R2        ,metagenome,seawater [ENVO:00002149]; coastal sea water [ENVO:00002150],,BPNS Wa 221027,Rune Lagaisse,0000-0001-9191-9140,,,10,,3-200,200.0,3.0,Y,Niskin Bottle,WaSOP1,,,2022-12-12 15:56:00,MSO LifeWatch Lab -80 Freezer,-80.0,Rune Lagaisse,0000-0001-9191-9140,,,
EMOBON 221212 BPNS Wa 3 R3        ,metagenome,seawater [ENVO:00002149]; coastal sea water [ENVO:00002150],,BPNS Wa 221027,Rune Lagaisse,0000-0001-9191-9140,,,10,,3-200,200.0,3.0,Y,Niskin Bottle,WaSOP1,,,2022-12-12 15:56:00,MSO LifeWatch Lab -80 Freezer,-80.0,Rune Lagaisse,0000-0001-9191-9140,,,
EMOBON 221212 BPNS Wa 3 R4        ,metagenome,seawater [ENVO:00002149]; coastal sea water [ENVO:00002150],,BPNS Wa 221027,Rune Lagaisse,0000-0001-9191-9140,,,10,,3-200,200.0,3.0,Y,Niskin Bottle,WaSOP1,,,2022-12-12 15:56:00,MSO LifeWatch Lab -80 Freezer,-80.0,Rune Lagaisse,0000-0001-9191-9140,,,
EMOBON 221212 BPNS Wa 3 Blank        ,metagenome,seawater [ENVO:00002149]; coastal sea water [ENVO:00002150],,BPNS Wa 221027,Rune Lagaisse,0000-0001-9191-9140,,,10,,3-200,200.0,3.0,N,Niskin Bottle,WaSOP1,,,2022-12-12 15:56:00,MSO LifeWatch Lab -80 Freezer,-80.0,Rune Lagaisse,0000-0001-9191-9140,,,
EMOBON 221212 BPNS Wa 0.2 R1        ,metagenome,seawater [ENVO:00002149]; coastal sea water [ENVO:00002150],,BPNS Wa 221027,Rune Lagaisse,0000-0001-9191-9140,,,10,,0.2-3,3.0,0.2,Y,Niskin Bottle,WaSOP1,,,2022-12-12 15:56:00,MSO LifeWatch Lab -80 Freezer,-80.0,Rune Lagaisse,0000-0001-9191-9140,,,
EMOBON 221212 BPNS Wa 0.2 R2        ,metagenome,seawater [ENVO:00002149]; coastal sea water [ENVO:00002150],,BPNS Wa 221027,Rune Lagaisse,0000-0001-9191-9140,,,10,,0.2-3,3.0,0.2,Y,Niskin Bottle,WaSOP1,,,2022-12-12 15:56:00,MSO LifeWatch Lab -80 Freezer,-80.0,Rune Lagaisse,0000-0001-9191-9140,,,
EMOBON 221212 BPNS Wa 0.2 R3        ,metagenome,seawater [ENVO:00002149]; coastal sea water [ENVO:00002150],,BPNS Wa 221027,Rune Lagaisse,0000-0001-9191-9140,,,10,,0.2-3,3.0,0.2,Y,Niskin Bottle,WaSOP1,,,2022-12-12 15:56:00,MSO LifeWatch Lab -80 Freezer,-80.0,Rune Lagaisse,0000-0001-9191-9140,,,
EMOBON 221212 BPNS Wa 0.2 R4        ,metagenome,seawater [ENVO:00002149]; coastal sea water [ENVO:00002150],,BPNS Wa 221027,Rune Lagaisse,0000-0001-9191-9140,,,10,,0.2-3,3.0,0.2,Y,Niskin Bottle,WaSOP1,,,2022-12-12 15:56:00,MSO LifeWatch Lab -80 Freezer,-80.0,Rune Lagaisse,0000-0001-9191-9140,,,
EMOBON 221212 BPNS Wa 0.2 Blank,metagenome,seawater [ENVO:00002149]; coastal sea water [ENVO:00002150],,BPNS Wa 221027,Rune Lagaisse,0000-0001-9191-9140,,,10,,0.2-3,3.0,0.2,N,Niskin Bottle,WaSOP1,,,2022-12-12 15:56:00,MSO LifeWatch Lab -80 Freezer,-80.0,Rune Lagaisse,0000-0001-9191-9140,,,
EMOBON 221212 BPNS Wa 20 R1        ,metagenome,seawater [ENVO:00002149]; coastal sea water [ENVO:00002150],,BPNS Wa 221027,Rune Lagaisse,0000-0001-9191-9140,,,0.25,,10-20,20.0,10.0,N,Apstein,WaSOP2,,,2022-12-12 15:56:00,MSO LifeWatch Lab -80 Freezer,-80.0,Rune Lagaisse,0000-0001-9191-9140,,,
EMOBON 221212 BPNS Wa 20 R2,metagenome,seawater [ENVO:00002149]; coastal sea water [ENVO:00002150],,BPNS Wa 221027,Rune Lagaisse,0000-0001-9191-9140,,,0.25,,10-20,20.0,10.0,N,Apstein,WaSOP2,,,2022-12-12 15:56:00,MSO LifeWatch Lab -80 Freezer,-80.0,Rune Lagaisse,0000-0001-9191-9140,,,
EMOBON 221212 BPNS Wa 20 R3,metagenome,seawater [ENVO:00002149]; coastal sea water [ENVO:00002150],,BPNS Wa 221027,Rune Lagaisse,0000-0001-9191-9140,,,0.25,,10-20,20.0,10.0,N,Apstein,WaSOP2,,,2022-12-12 15:56:00,MSO LifeWatch Lab -80 Freezer,-80.0,Rune Lagaisse,0000-0001-9191-9140,,,
EMOBON 221212 BPNS Wa 20 R4,metagenome,seawater [ENVO:00002149]; coastal sea water [ENVO:00002150],,BPNS Wa 221027,Rune Lagaisse,0000-0001-9191-9140,,,0.25,,10-20,20.0,10.0,N,Apstein,WaSOP2,,,2022-12-12 15:56:00,MSO LifeWatch Lab -80 Freezer,-80.0,Rune Lagaisse,0000-0001-9191-9140,,,
EMOBON 221212 BPNS Wa 20 Blank,metagenome,seawater [ENVO:00002149]; coastal sea water [ENVO:00002150],,BPNS Wa 221027,Rune Lagaisse,0000-0001-9191-9140,,,0.25,,10-20,20.0,,N,Apstein,WaSOP2,"ran out of filters, used alternative",,2022-12-12 15:56:00,MSO LifeWatch Lab -80 Freezer,-80.0,Rune Lagaisse,0000-0001-9191-9140,,,
EMOBON 221212 BPNS Wa 200 R1        ,metagenome,seawater [ENVO:00002149]; coastal sea water [ENVO:00002150],,BPNS Wa 221027,Rune Lagaisse,0000-0001-9191-9140,,,0.25,,10-200,200.0,10.0,N,WP2,WaSOP3,,,2022-12-12 15:56:00,MSO LifeWatch Lab -80 Freezer,-80.0,Rune Lagaisse,0000-0001-9191-9140,,,
EMOBON 221212 BPNS Wa 200 R2        ,metagenome,seawater [ENVO:00002149]; coastal sea water [ENVO:00002150],,BPNS Wa 221027,Rune Lagaisse,0000-0001-9191-9140,,,0.25,,10-200,200.0,10.0,N,WP2,WaSOP3,,,2022-12-12 15:56:00,MSO LifeWatch Lab -80 Freezer,-80.0,Rune Lagaisse,0000-0001-9191-9140,,,
EMOBON 221212 BPNS Wa 200 R3        ,metagenome,seawater [ENVO:00002149]; coastal sea water [ENVO:00002150],,BPNS Wa 221027,Rune Lagaisse,0000-0001-9191-9140,,,0.25,,10-200,200.0,10.0,N,WP2,WaSOP3,,,2022-12-12 15:56:00,MSO LifeWatch Lab -80 Freezer,-80.0,Rune Lagaisse,0000-0001-9191-9140,,,
EMOBON 221212 BPNS Wa 200 R4        ,metagenome,seawater [ENVO:00002149]; coastal sea water [ENVO:00002150],,BPNS Wa 221027,Rune Lagaisse,0000-0001-9191-9140,,,0.25,,10-200,200.0,10.0,N,WP2,WaSOP3,,,2022-12-12 15:56:00,MSO LifeWatch Lab -80 Freezer,-80.0,Rune Lagaisse,0000-0001-9191-9140,,,
EMOBON 221212 BPNS Wa 200 Blank        ,metagenome,seawater [ENVO:00002149]; coastal sea water [ENVO:00002150],,BPNS Wa 221027,Rune Lagaisse,0000-0001-9191-9140,,,0.25,,10-200,200.0,,N,WP2,WaSOP3,"ran out of filters, used alternative",,2022-12-12 15:56:00,MSO LifeWatch Lab -80 Freezer,-80.0,Rune Lagaisse,0000-0001-9191-9140,,,
